length,defect,time,structure,rna,mfe,hits,defect_nupack,opts,ties,sub_hits
12,0.0044255466357443,0.0115315914154052,((((...)))).,CCGCUUAGCGGA,"['((((...)))).', -4.800000190734863]",True,0.0054785217758103,"[(-4.800000190734863, '((((...)))).')]",1,1
16,0.0108462360107446,0.0095443725585937,(((((......))))),GAGCCACUCCGGGCUC,"['(((((......)))))', -7.199999809265137]",True,0.0169726689754155,"[(-7.199999809265137, '(((((......)))))')]",1,1
17,0.114092071734801,0.2126586437225341,((....)).((....)),GCAAAAGCACCGUCAGG,"['((....)).((....))', -1.5]",True,0.1625035392356674,"[(-1.5, '((....)).((....))')]",1,1
26,0.0082342704678204,0.0118186473846435,..((((((((.....)).))))))..,ACGCCAAUCGAAGAACGCAUUGGCCA,"['..((((((((.....)).))))))..', -8.300000190734863]",True,0.0084842758147492,"[(-8.300000190734863, '..((((((((.....)).))))))..')]",1,1
30,0.2704343712385677,1.4388692378997805,(((((.....))..((.........))))),GGCAAUCUCAUUCAAACUCACAUCUUUGCC,"['(((((....................)))))', -3.700000047683716]",False,0.2718674771492809,"[(-3.700000047683716, '(((((....................)))))')]",1,0
31,0.013254300411248,0.0175154209136962,.(((((((((((...)))))....)))))).,AGCACAUCAAUCGUCGAUUGCAGUAUGUGCA,"['.(((((((((((...)))))....)))))).', -9.399999618530273]",True,0.0128982727572524,"[(-9.399999618530273, '.(((((((((((...)))))....)))))).')]",1,1
34,0.1460928046637321,0.9262642860412598,....((((((((.(....)).).).)))))....,UUCCGGCGGGCAAGGAAACUGGACACCGCCAUAA,"['....(((((((.((....)).).).)))))....', -10.800000190734863]",False,0.1077849215282614,"[(-10.800000190734863, '....(((((((.((....)).).).)))))....')]",1,0
35,0.299623590047917,1.6585431098937988,((....)).((....)).((....)).((....)),GCGUUCGCAAUAUUCAUCCCACAUGGGCCCCUAGG,"['((....)).........(((....)))........', -4.0]",False,0.2168108358653034,"[(-4.0, '((....)).........(((....)))........')]",1,0
36,0.0083801448715147,0.0129425525665283,((((((.((((....))))))).)))..........,GCCCCCAGUGCCCUCGCACGGGAGGCUGACGUCUUA,"['((((((.((((....))))))).)))..........', -15.800000190734863]",True,0.011138571323885,"[(-15.800000190734863, '((((((.((((....))))))).)))..........')]",1,1
36,0.0148084638549031,0.0362789630889892,((((((.((((((((....))))).)).).)))))),CCCAUGUCCGGUGGGCGCCCCCACUCGUGUCAUGGG,"['((((((.((((((((....))))).)).).))))))', -19.899999618530273]",True,0.0164704058529071,"[(-19.899999618530273, '((((((.((((((((....))))).)).).))))))')]",1,1
36,0.3860277695894853,2.331274032592773,((.(..(.(....).(....).)..).(....).)),CAUGAACAUAGAGAACGAAAGAGAGCAUGAAUAUUG,"['((((..(...............)..)))).......', -0.8999999761581421]",False,0.3844917780801227,"[(-0.8999999761581421, '((((..(...............)..)))).......')]",1,0
36,0.1480764506667866,2.0186338424682617,.((.((.((..((.(...).)).))..))....)).,ACCGUCAGCAUGUCCCCAGGACCGCAGGAAUCCGGA,"['.(((((.((..((((...)))).))..))...))).', -8.0]",False,0.1430358909031455,"[(-8.0, '.(((((.((..((((...)))).))..))...))).')]",1,0
38,0.057071815065076,1.7244482040405271,..((((((((.....))))((((.....))))))))..,AGCUCGACCGGAUAGCGGUGCCCAUAGAGGGCCGAGCG,"['.(((((((((.....))))((((.....))))))))).', -18.299999237060547]",False,0.074217043184288,"[(-18.299999237060547, '.(((((((((.....))))((((.....))))))))).')]",1,0
40,0.1030504863912893,0.94110107421875,.(((((........)((((....))))..)))).......,GGCCACUUAGAUGAGGUCCAGACGGACCGUGGCAAACGUU,"['.(((((........(((((....)))))))))).......', -14.800000190734863]",False,0.1006673470153058,"[(-14.800000190734863, '.(((((........(((((....)))))))))).......')]",1,0
42,0.0273664701144162,0.9965417385101318,(((((((.(.(.(.(((((((....))))))))))))))))),GGCGGGGUGAGACACGCGGCCUAUUGGCCGCGGCCCCCCGCC,"['(((((((.(.(.(.(((((((....)))))))))))))))))', -31.799999237060547]",True,0.0216289708041149,"[(-31.799999237060547, '(((((((.(.(.(.(((((((....)))))))))))))))))')]",1,1
45,0.0153729674982801,0.2216949462890625,..........((((....))))((((....))))((((...)))),AAAUCCCUACGCCGUUUCCGGCCGUCUCUAGACGGGGCCAAGCCC,"['..........((((....))))((((....))))((((...))))', -14.100000381469727]",True,0.008350492127154,"[(-14.100000381469727, '..........((((....))))((((....))))((((...))))')]",1,1
45,0.1175028253863167,2.667983293533325,.......(.(.(.(.(.((.((.(....).)).)).).).).).),CAAGACCGACGCGCGAGGCCUGGGAGAGCGCAAGCCUGGAGAGUC,"['.......(((.(.(.((((.((.(....).)).)))).).).)))', -14.100000381469727]",False,0.10292885996388,"[(-14.100000381469727, '.......(((.(.(.((((.((.(....).)).)))).).).)))')]",1,0
50,0.1430165332315479,4.767914533615112,((((......(((((...))).((....)).........)).....)))),GCCCAGAGAACCAAAACAUUUAGCGAAGGCACACACAAAGGAAAAAGGGC,"['((((......((..........((....)).........)).....))))', -6.5]",False,0.1357610836822916,"[(-6.5, '((((......((..........((....)).........)).....))))')]",1,0
53,0.1611413357968814,4.51222038269043,.((.((.((.((..((..((.((...))..)).)).))..))..))....)).,AGCGCCCGCGGCAAGAAAGGUCCUACGGUUCCGUCAGCAAGCAGGGAAACGCA,"['.((((((((.((..((..((..(....)..)).)).))..)).)))...))).', -13.5]",False,0.1062748352867436,"[(-13.5, '.((((((((.((..((..((..(....)..)).)).))..)).)))...))).')]",1,0
57,0.0196264342662393,0.6392598152160645,.....(((((.(.(.((.(.(((((((((....))))))))))))))))))).....,UCCCUGGUCGAGAGUGCACGCCGUUGCAGGAAACUGCAACGGGGCCCCGACCUCCUA,"['.....(((((.(.(.((.(.(((((((((....))))))))))))))))))).....', -27.799999237060547]",True,0.0194402561206368,"[(-27.799999237060547, '.....(((((.(.(.((.(.(((((((((....))))))))))))))))))).....')]",1,1
61,0.0324998195225842,10.18959641456604,......(.........((((.....)))).........)......................,UAAAGAGAGAAAAAAGCCGGCAACACCGGAAAAAAAAACAAAAAAACAACACACAACCACC,"['................((((.....))))................................', -5.699999809265137]",False,0.0330822890492297,"[(-5.699999809265137, '................((((.....))))................................')]",1,0
62,0.0464250933388357,11.396992921829224,(((.....(((.....(((.....(((.....(((........))).))).))).))).))),GGGAAAAUGGCAAAAAGCGAACACGGGAACAAGGCACAUACACGCCACCCACGCAGCCUCCC,"['((((....(((.....(((.....(((.....(((........))).))).))).)))))))', -13.5]",False,0.0365609421264385,"[(-13.5, '((((....(((.....(((.....(((.....(((........))).))).))).)))))))')]",1,0
63,0.0989630195629623,9.276158332824709,.....(((.(((((....)).)))(((.((....))))).)))....................,ACAAAUUACGGCCCAAUAGGAGCCCGGUGCAUCUGCCCGAUAAAAACCAACCCCACACAAAUC,"['.........(((((....)).)))(((.((....)))))........................', -12.5]",False,0.0978778593633293,"[(-12.5, '.........(((((....)).)))(((.((....)))))........................')]",1,0
63,0.0027180259459773,1.0703456401824951,(((((((((....))))(((((....)))))(((((....)))))((((....))))))))).,GCCCGGGAGAUACCUCCGGCCCACCCGGGCCGCGCCAUUUGGCGCCAGGAACGCCUGCGGGCA,"['(((((((((....))))(((((....)))))(((((....)))))((((....))))))))).', -40.099998474121094]",True,0.0085369127816378,"[(-40.099998474121094, '(((((((((....))))(((((....)))))(((((....)))))((((....))))))))).')]",1,1
67,0.0142777820879031,0.0320534706115722,((((((((((((((((((((((((((...))))))....)))))))....))))))....))))))),GGCAUGUUUCCAUAAAGCCAAACCAGGUGCUGGUUACCGUGGCUUUUAGGAUGGAAUCUUACAUGCC,"['((((((((((((((((((((((((((...))))))....)))))))....))))))....)))))))', -28.100000381469727]",True,0.0120233264061578,"[(-28.100000381469727, '((((((((((((((((((((((((((...))))))....)))))))....))))))....)))))))')]",1,1
67,0.0250141461738336,0.4016873836517334,((((((.....(((....(((...(((((.............)))))....)))..)))..)))))),GGACCGCAAGACUGUAUUAGCCUUGGUGGAAAUUAAUUACGCCCACCCUUUGCUCCCAGAACGGUCC,"['((((((.....(((....(((...(((((.............)))))....)))..)))..))))))', -18.399999618530273]",True,0.0132451676655255,"[(-18.399999618530273, '((((((.....(((....(((...(((((.............)))))....)))..)))..))))))')]",1,1
67,0.3756733524940804,10.62688398361206,.....((.((.((...)).((...))...)))).((.((.((...)).((...))...)))).....,ACAAAUUCUAAUACCAUAUGCAAAGCACCUAAACGCACGCGACCAUCUAUAACAUAAGCGGCAAAAG,"['..................(((...))).......((.(((.................))))).....', -5.599999904632568]",False,0.3622477761184373,"[(-5.599999904632568, '..................(((...))).......((.(((.................))))).....')]",1,0
68,0.0345006497757036,1.901850700378418,.....((((((.((((((((....))))))).)))((((((((((....)))))))))))))).....,UCCGGGGCCCAGUGACGACCCAAAGGUCGUCUAUGAGGUGUUCAGACGACUGAACACCUGGCCAAAAA,"['.....((((((..(((((((....)))))))..))((((((((((....)))))))))))))).....', -35.099998474121094]",False,0.0441607803449686,"[(-35.099998474121094, '.....((((((..(((((((....)))))))..))((((((((((....)))))))))))))).....')]",1,0
73,0.0290727293761715,0.4027140140533447,..((((((((.......(.((((((....)))))).(((((((....))))))).).......))))))))..,UAGUCCCACGAAAAAAACAGUAGGCCAUCGCCUACACCACACCAAUAGGUGUGGAGAACAAAACGUGGGACCC,"['..((((((((.........((((((....)))))).(((((((....))))))).........))))))))..', -34.900001525878906]",False,0.0194027822447581,"[(-34.900001525878906, '..((((((((.........((((((....)))))).(((((((....))))))).........))))))))..')]",1,0
75,0.018178532630039,17.639087200164795,......(((......((((..(....(((........)))....).....)))).......)))...........,UCACCCGGCACCAAACCUCAAGAAAAGGCAAACAAAAGCCAAAACGAAACGAGGACAAAACGCCAAAAAAUAAAC,"['......(((......((((.......(((........)))..........)))).......)))...........', -10.399999618530273]",False,0.0251473937148473,"[(-10.399999618530273, '......(((......((((.......(((........)))..........)))).......)))...........')]",1,0
80,0.1567781833787327,14.184240818023682,.((......((......))......((......((......))......((......))......))......)).....,CAAACAUACGCUCCAUUGCACCUACUACACUUCGCUUCUCCGCUUCUCCGCUCCCUUGCUCUUCAUAUCCACCUUUCCUA,"['.........((......))..............((......))......((......)).....................', -3.9000000953674316]",False,0.1283666240337789,"[(-3.9000000953674316, '.........((......))..............((......))......((......)).....................')]",1,0
82,0.1486629524810432,15.669209480285645,..(((((((((((((....)))))(((((....))))))))((((((((....)))))(((((....)))))))))))))..,CAGCGGUCUUGGGGCGAGUGCCCCCAUCCAGACGGAUGAAGCCAGCUUCAGGAGAAGCCUGACCAUUGUCAGUGGACCGCAA,"['..(((((((.(((((....)))))(((((....)))))......(((((....)))))(((((....))))).)))))))..', -39.5]",False,0.1481699847091935,"[(-39.5, '..(((((((.(((((....)))))(((((....)))))......(((((....)))))(((((....))))).)))))))..')]",1,0
85,0.023222685352368,13.83972692489624,.....(((((..((..((..(((..(((..((..((...)).)).))).))).)).)).))))).....................,UCUCCGUCGGAACGCAGCACCGGCAUCCGAGCAGGCUUAGCAGCAGGAACCGAGCACGACCGACAAUCCCCACCCUCACCUCCCC,"['.....(((((..((..((..(((..(((..((..((...)).)).))).))).)).)).))))).....................', -18.299999237060547]",True,0.0216832342420084,"[(-18.299999237060547, '.....(((((..((..((..(((..(((..((..((...)).)).))).))).)).)).))))).....................')]",1,1
88,0.1445434360267757,34.78623390197754,....((....((....((....((..((..((...))..))....))......)).......)).........)).............,CACAGGCAAAGGGAAAGGCAAAGCAACCAAGCAAAGCAAGGAAAAGCAAGAAGCCACAACACCCGACAGAAAGCCAAAAAAAACACAU,"['....(((...(((...(((...((..((..((...))..))....)).....)))......)))........))).............', -9.5]",False,0.0797127309968675,"[(-9.5, '....(((...(((...(((...((..((..((...))..))....)).....)))......)))........))).............'), (-9.5, '....(((...(((...(((...((......))...((........)).....)))......)))........))).............')]",2,0
92,0.0790551910815521,20.227856397628784,(((((((((....)))))(((((....)))))(((((....)))))(((((....)))))(((((....)))))(((((....))))))))),UAAAGGAGCACAGGCUCCCCGGGGUGGCCCGGCCGGCGUUAGCCGGCCUUCGAGCGAAGGGACGGGGUACCGUCCCACCCAAAGGUGGUUUA,"['....(((((....)))))(((((....)))))(((((....)))))(((((....)))))(((((....)))))(((((....)))))....', -49.29999923706055]",False,0.088571695710853,"[(-49.29999923706055, '....(((((....)))))(((((....)))))(((((....)))))(((((....)))))(((((....)))))(((((....)))))....')]",1,0
96,0.2074085405021578,47.915722131729126,.....((((.(((((....))))).(((....))).)).))....((((.(((....))).(((....))).))))....................,GAAACGAGAAGGCGCUGCAGCGCCAGGCACAAGCCAUCAUCAACUGCCCAUUACCAAUAAGGCCACACGGCCGGGCCCCACUUACACCUCCUCAUU,"['.....(((..(((((....))))).(((....)))..........((((...........((((....))))))))..............)))...', -27.0]",False,0.1683025955134429,"[(-27.0, '.....(((..(((((....))))).(((....)))..........((((...........((((....))))))))..............)))...')]",1,0
97,0.1690066058337344,59.08629584312439,.....((((((((((((....))))((((....))))))))((((((((....))))((((....))))))))))))....................,AAAAAGCGCUAAUGGACAAACGUCCGCAGUUAACUGCAUUAUAAUCGCGAUUUCGCGCCAGAAUCCUGGAUUAGCGCCCAAAUAAACCACCAAACCG,"['.....((((((((((((....))))((((....))))........((((....))))((((....))))))))))))....................', -30.700000762939453]",False,0.1680199486508243,"[(-30.700000762939453, '.....((((((((((((....))))((((....))))........((((....))))((((....))))))))))))....................')]",1,0
97,0.2051423172868281,27.306076049804688,....((((((((....((..(...................)..((...((....))...((....))........))......))))))))))....,CAAAGGCCCCGGUACUGGACACCCCAAAAUAAAAAAUAAAUAAGCAAAGGAAGACCUAAGCCAACGCGACGCAAAGCAAAAAACCCCGGGGCCACCU,"['....((((((((...(((.....))).................((..(((....)))..))....((........))........))))))))....', -25.799999237060547]",False,0.1270643751669951,"[(-25.799999237060547, '....((((((((...(((.....))).................((..(((....)))..))....((........))........))))))))....')]",1,0
97,0.1935936467660585,65.26116132736206,......((.((..((..(...(.((.((....))))..)...(.((..((....))..))..)...).))..)))).....................,CACGACAUAAUACAUAAUAAAAAGGAGCAAAAGCCCAGUAAACAGCAGCCGCAAGGAAGCAAGAUCAAAUAAAUAUAACCAAAAACCACUCACAAUU,"['.......................((.((....))))........((..((....))..)).....................................', -8.100000381469727]",False,0.1908166520605671,"[(-8.100000381469727, '.......................((.((....))))........((..((....))..)).....................................')]",1,0
98,0.1287841384599255,47.09382605552673,.....((...((....))...((....))...((....))...((....))...((....))...((....))...))....................,UAGAAUAAAACCACAAGGACAGCAAUAGCAAAGGGAAACCAAACCAAAAGGAAAGCAAACGCAACGCAAAAGCAAAUAAAAUACAAACACACUAACAA,"['(((.......((....))...((....))...((....))...((....))...((....))...((....))..................)))....', -6.5]",False,0.084260258782742,"[(-6.5, '(((.......((....))...((....))...((....))...((....))...((....))...((....))..................)))....')]",1,0
100,0.3071829453773279,68.39277005195618,.......((.((.((...)).((...))...)))).((.((.((...)).((...))...)))).((.((.((...)).((...))...)))).......,ACUUUAGUCGCGACAAUUUGAUGCACCAUCUCGGACGGACCUUACACUACAAACAUUACUGGCCAGGAGGCGACACUCAUUACAAAUAGCCCCAAUAUAA,"['......(((.(((......((((...))))))))))((.((...................)))).((.(((.................))))).......', -14.399999618530273]",False,0.3139786706224351,"[(-14.399999618530273, '......(((.(((......((((...))))))))))((.((...................)))).((.(((.................))))).......')]",1,0
101,0.0199916033280244,1.2401609420776367,..(.(..((((((....))))))..).)......((((..(((.(((((((((....)))))....)))))))))))..((((((((....))))))))..,CAGCGUCGGAUGCAAGUGCAUCCCUCACAUCCCGGCGGUAGUGAGUCCGAACCUGCCGGUUCAGUAGGACCACCCGCAUGUCAAAGGCUGGCCUUUGACUA,"['..(.(..((((((....))))))..).)......((((..(((.(((((((((....)))))....)))))))))))..((((((((....))))))))..', -41.20000076293945]",True,0.0169376616871636,"[(-41.20000076293945, '..(.(..((((((....))))))..).)......((((..(((.(((((((((....)))))....)))))))))))..((((((((....))))))))..')]",1,1
101,0.0948605540211148,46.22566509246826,.....(((.(..(.(((((.((((.((...)))).))))((((((...)).))))..(((...)))...))).)..).)))....................,CUCAAGACCCAACACAGCCACGACACCUAAGGGUACGGGGGCGCCACAGGACGCCAAGGCUAAGCCAAACUGCGACGGGUCCAACACACAACACACAAAUC,"['.....(((((..(.(((((.((..(((....))).))))((((((...)).))))..(((...)))...))).)..)))))....................', -27.899999618530273]",False,0.0339793521605548,"[(-27.899999618530273, '.....(((((..(.(((((.((..(((....))).))))((((((...)).))))..(((...)))...))).)..)))))....................')]",1,0
101,0.1024841012890044,25.2199776172638,......(.((((.((((....(...((((.(....).))))...)))))..((......((((....)))))).)))).).....................,ACCCCAGAGCGCAGCGUCAAAGACAGCCCACAUAAGCGGGCAAACACGCAAGGAACAAUGCCGGACACGGCCCAGCGCUCAAACCAAAAACCAACAACAAA,"['......((((((.((((........((((.(....).))))....))))..........((((....))))...)))))).....................', -26.899999618530273]",False,0.0484468787114134,"[(-26.899999618530273, '......((((((.((((........((((.(....).))))....))))..........((((....))))...)))))).....................')]",1,0
102,0.0254708438380267,0.1789309978485107,.....((((.((((((.(((.(((((.((((.((((.((.((.((.((.((.((.....)))))))))))))))))))))))))))))))))))))).....,CAAUCGGCUCACGGCUGCGCGCUCAUACUACAUGGCGCAUGAUGGACUCGAUGUGGUGGACUCAGCCUCUGGCCAGUAGAUGAGGCGAGCCGUAGCCUCUAA,"['.....((((.((((((.(((.(((((.((((.((((.((.((.((.((.((.((.....)))))))))))))))))))))))))))))))))))))).....', -46.599998474121094]",True,0.0169993357122169,"[(-46.599998474121094, '.....((((.((((((.(((.(((((.((((.((((.((.((.((.((.((.((.....)))))))))))))))))))))))))))))))))))))).....')]",1,1
102,0.1617330986343557,69.43213558197021,.....((((((((...)))).((((((((...))))..((((...))))..((((...)))))))).((((...))))))))....................,CCUCUGAGAAAUUAACAAUUCGCCGCGUGAAACACGAAGAGGAACCCUCAAGGGCCCGGCCCCGGCCAAUUCCCAAUUUCUCCCUUCAUUUUACCCCCCCCA,"['.....((((((((...((((.((((((((...))))..((((...))))..((((...)))))))).))))...))))))))....................', -26.0]",False,0.1619790098205404,"[(-26.0, '.....((((((((...((((.((((((((...))))..((((...))))..((((...)))))))).))))...))))))))....................')]",1,0
102,0.1162953516868414,55.57753491401672,.....((((((((((....)))(((....((((.(((.....))).((((((......)))...))))))))))))).))))....................,CCAAGCUCCCCGAAAAUUAUUUUGUAAAACCUGAGCCAUAAAGGCACGUCGCAAUAAAGCGUAAACGCAGGACACGGAGGAGAAAAAAAAAUAAACCCAACC,"['.....(((((((..........(((....((((.(((.....))).((((((......)))...))))))))))))).))))....................', -19.200000762939453]",False,0.0648230197839309,"[(-19.200000762939453, '.....(((((((..........(((....((((.(((.....))).((((((......)))...))))))))))))).))))....................')]",1,0
103,0.257206447529668,42.41339373588562,.....((.((..(((((.(((....)))(((....)))))).....((((((....)))(((....))).)))))..)).)).....................,ACAUCUACUACUUUAUUCGUCUAUUGACCCCUACCGGGAAUCUACAUUUCGCAUAUGCGGCCAACCGGCAAAAAACUUACUACUCACAAAAUAUAUCACACAU,"['..................(((....)))(((....)))...........(((....)))(((....)))..................................', -13.300000190734863]",False,0.243299504499367,"[(-13.300000190734863, '..................(((....)))(((....)))...........(((....)))(((....)))..................................')]",1,0
104,0.0039422449779373,32.871525049209595,.....((((.(((((....)).))).(((.(((....)))))).((((((....)).)))).(((((....))).)))))).......................,AUACAGCCCAGACCCGAAAGGUGUCAGCCACUCUUAUGAGGGCAGCGACCAAAAGGAUCGCACGAGCGGAGGCUACGGGGCAAAAAGAAAGGAAAGGAAAAAAG,"['.....((((.(((((....)).))).(((.(((....)))))).((((((....)).)))).(((((....))).)))))).......................', -34.599998474121094]",True,0.0198979307883335,"[(-34.599998474121094, '.....((((.(((((....)).))).(((.(((....)))))).((((((....)).)))).(((((....))).)))))).......................')]",1,1
104,0.008940581789957,33.09306645393372,.....(.((((..(((((........)))))..(((.(((.(((((.....))))).((((....)))).))))))..)))).)....................,ACCCCGCGGCCAAGAGUGUCACAUAUCACUCAACCUACCCAGCCAGAAUACCUGGCAGCACGCAAGUGCAGGGAGGCAGGCCACUAAAACAAAACACACACAAC,"['.....(.((((..(((((........)))))..(((.(((.(((((.....))))).((((....)))).))))))..)))).)....................', -33.79999923706055]",True,0.0194299989565537,"[(-33.79999923706055, '.....(.((((..(((((........)))))..(((.(((.(((((.....))))).((((....)))).))))))..)))).)....................')]",1,1
104,0.2271502168538097,38.51975321769714,.....((((((((((....)))(((....((((((((...(((.....)))))))(((......))).))))))))))..))))....................,GCGAAGCGGGCGCAAUACAUUGUAGGCUCUGAGCCGGCUAGGCGAUCGGCCCCGGGGGAAUGUUCCCACUCACUACGCUCCCGCACAAAACAUCAAACCUCUCC,"['.....(((((.((........((((....((((((((...(((.....)))))))((((....)))).)))))))))).)))))....................', -31.100000381469727]",False,0.1489069363588153,"[(-31.100000381469727, '.....(((((.((........((((....((((((((...(((.....)))))))((((....)))).)))))))))).)))))....................')]",1,0
105,0.1624845053042485,39.35013556480408,............((....))...((...((....))..((...((....))...))..((....))...))..((....))........................,ACCUCACACUUUGCUCCUGCUUUGCCCAUACCUUUAAGUCAUUGCUAAUGCUCCGACCUACCAAUACCGGCCUUUCCUCAAUUCUUCACUCCCCUAAUCAACUCA,"['............((....))...(((...........(((...((....))...)))...........)))..................................', -8.300000190734863]",False,0.1598956396470569,"[(-8.300000190734863, '............((....))...(((...........(((...((....))...)))...........)))..................................')]",1,0
105,0.2146380945463098,40.18242526054382,.....((....((....))....((....))....((....))....((....))....((....))....((....))....))....................,AAAAUUAAAAAGCUAGCGCAAAAGGAAAACCAAAGGCAAUUGCCACACCAAAAGGAAAGCGGGAACGCAAGGCUAAUGCAAACUAAUCACAAUCUACAACCAAAC,"['...........((((((......((....))...(((....)))...((....))...(((....)))...))))..))..........................', -14.100000381469727]",False,0.1036396239410514,"[(-14.100000381469727, '...........((((((......((....))...(((....)))...((....))...(((....)))...))))..))..........................')]",1,0
105,0.1656789787815371,39.11941289901733,.....((((((((....))))((((.((((....))))(((((....))))).((((....))))))))((((....))))))))....................,UAAACGGCAUCCCACAAGGGAUGCUACCGCUUUUGCGGGGGGCAGUAGCCCCGGCUCACUAGAGCAGCACGACAGCCGUCGUGCCACGAAAAAUAAAAAAAACAA,"['.....((((((((....)))))))).((((....))))(((((....))))).((((....)))).(((((((....))))))).....................', -48.70000076293945]",False,0.1532307849353756,"[(-48.70000076293945, '.....((((((((....)))))))).((((....))))(((((....))))).((((....)))).(((((((....))))))).....................')]",1,0
105,0.0275100339733555,42.20263457298279,.....((((((((..((((....))))..)))).((((..(...)..)))).((((..(..(((.....)))..)..))))))))....................,UUUAAGGGGGAGCAAGACCGUCAGGUCCGGCUCAGGCGAAGAACCAGCGCCACUCGAAGACGCCUACACGGCACCCCCGAGCCCCAAUCCCACCACUCCCAAUAU,"['.....((((((((..((((....))))..)))).((((.........)))).((((..(..(((.....)))..)..))))))))....................', -35.099998474121094]",False,0.021435547520893,"[(-35.099998474121094, '.....((((((((..((((....))))..)))).((((.........)))).((((..(..(((.....)))..)..))))))))....................')]",1,0
105,0.3293128961172362,49.95431733131409,.....((((.(((((....))....))).(((....))).)).))....((((.(((....)...)).(((....))).))..))....................,AUUAUUUAAAGCAGCGACAGCCAUAUGCAGGACUAUUCCAUUCAAACCCAUUAUGCUACAAACAAGCCGGCUACUGCCAUAAUAUUCCCUACUAAACACCCCACC,"['..........((((....((((.......(((....)))...............(((.......))).)))).))))............................', -10.399999618530273]",False,0.2114954443346304,"[(-10.399999618530273, '..........((((....((((.......(((....)))...............(((.......))).)))).))))............................')]",1,0
105,0.0655683141086655,24.283206939697266,.....((((.(...(.((((.(.((((.((.((((.((.(((....))).).)))))).)))))....).)))).)...).))))....................,CCAUAGGCCUCUAACUCCGAGUCGGUGCGCGCUGGACCAGGCGUCAGCCAGAGCCAGGACCACCUUUUAGUCGGCGACCGUGGCCACCACAUUUACAACUCAUUU,"['.....((((.(...(.((((.(.((((.(..((((..(.(((....))).)..))))..)))))....).)))).)...).))))....................', -31.600000381469727]",False,0.0552056566835028,"[(-31.600000381469727, '.....((((.(...(.((((.(.((((.(..((((..(.(((....))).)..))))..)))))....).)))).)...).))))....................'), (-31.600000381469727, '.....((((.....(.((((.(.((((.(..((((..(.(((....))).)..))))..)))))....).)))).).....))))....................')]",2,0
105,0.0323935487217948,50.47959661483765,.....(((((((.(((((....)))).)))(((((.((..((((....))))..(((((......)))))..)).))))))))))....................,UUCUUGGCGGGCUUCCACUCUUGUGGUAGCGGACGUGCUUUCCGUAUACGGAUUGGAGGAUCCCCCCUCCUUGCUCGUCCCCGCCCUCUUCUCUUCUCCUUCCCU,"['.....((((((((.((((....)))).)))(((((.((..((((....))))..(((((......)))))..)).))))))))))....................', -39.900001525878906]",False,0.0322866185848362,"[(-39.900001525878906, '.....((((((((.((((....)))).)))(((((.((..((((....))))..(((((......)))))..)).))))))))))....................')]",1,0
110,0.1682314914428485,39.46824812889099,((...((....((.....((.........((..............................))...............)).........)).......))....))....,GCUCCGCCCCCUACCCCAAACUCUCCCCCAUCACCCCCCCUCUCACUUACCACCCCCCACCAUUCCCCCCUUCCCACCUUUUCCCCCCCUAUUUAUCCGCGCUUGCUUCC,"['..................................................................................................((....))....', -0.699999988079071]",False,0.1761010445719861,"[(-0.699999988079071, '..................................................................................................((....))....')]",1,0
111,0.2663731890348393,100.51580595970154,((((.((((.(((....))).(((....))).(((....))).(((....))).(((....))).(((....))).)))).(((((......)))))(((....))))))),AUUUCUUUUAGCGCCCACGCACGGUAUUCCGGGUCUCUUGACGGUCUUAUGACAGCCACACGGCAGCGACUUCGCAAAAACGCACCAAAUGCGGUGCCCGGCCACGGAAAU,"['..........(((....)))......(((((((((........(((....))).(((....))).(((....)))......(((((......)))))..)))).)))))..', -33.5]",False,0.1554062750937489,"[(-33.5, '..........(((....)))......(((((((((........(((....))).(((....))).(((....)))......(((((......)))))..)))).)))))..')]",1,0
116,0.0122301361775526,0.1273055076599121,(((((((....(((...........)))((((((((..(((((((((((((((((((...(((((......))))).)))))).)))))))))))))..))))))))..))))))),CGCGUAGCCCUGCCUAUUUUCCCCUGGCCGGUCGACCAACCCAUGUAGAUUAGGCUGAAUUAAAUUUUAAUAUUUACCAGCCUCAAUCUACAUGGGUCUGUCGACCGUACUACGCG,"['(((((((....(((...........)))((((((((..(((((((((((((((((((...(((((......))))).)))))).)))))))))))))..))))))))..)))))))', -59.29999923706055]",True,0.017469127158923,"[(-59.29999923706055, '(((((((....(((...........)))((((((((..(((((((((((((((((((...(((((......))))).)))))).)))))))))))))..))))))))..)))))))')]",1,1
116,0.1816796744382581,168.43529391288757,.....((((.((((.....((((...)))).))))...(((..((((((...)))...)))((((((...)))...))).)))...(((...(((....))).))).)))).....,CCUUCAUAAAGCCGACAACGCCCAUAGGGCACGGCAAAAAUAACCCAGCAGAGCUUAAGGGCGGCGCAUAGCGAAACCGAAUUACCGACAACGGCGAAAGCCAGUCAUUAUAACAU,"['..........((((.....((((...)))).))))........((((((...)))...)))((((((...)))...))).......(((...(((....))).)))..........', -26.299999237060547]",False,0.136723500933918,"[(-26.299999237060547, '..........((((.....((((...)))).))))........((((((...)))...)))((((((...)))...))).......(((...(((....))).)))..........')]",1,0
116,0.0556992384810697,27.17594957351685,........(((((((((((....))))..((((....))))..((((....)))))))))))..(((((((...))))..((((...))))..((((...))))))).........,CACUCACACCGGAGGCCGCUCUCGCGGAGGCUCAUACGAGCAAGACCAAUAGGUCCCUCCGGAAAUAGGUCUAGGACCACGAGCUAAGCUCACGCCCGUCGGGCUAUAACAACACA,"['........(((((((((((....))))..((((....))))..((((....))))))))))).....((((...))))..((((...))))..((((...))))............', -43.099998474121094]",False,0.0545046577827699,"[(-43.099998474121094, '........(((((((((((....))))..((((....))))..((((....))))))))))).....((((...))))..((((...))))..((((...))))............')]",1,0
119,0.3838491921346406,104.40149879455566,.....((((.(((.((....))((....)).))).(((.((....))((....)).))).(((.((....))((....)).))).(((.((....))((....)).))).)))).....,UCUUCAUAACCCGGUAAUAAUAUUCAAAAAACGGAGGCUCGACAACGAACUAAUUAGCCAGGCAGGACAUCCUUAUAAAAAGCCCGGGGUCUUUUGAUCGCUUGACCCCAUUAUCUAUA,"['..........(((..................))).((((................)))).((((((....)))........))).((((((............))))))..........', -21.100000381469727]",False,0.342183497034604,"[(-21.100000381469727, '..........(((..................))).((((((....)))........))).((((((....)))........))).((((((............))))))..........'), (-21.100000381469727, '..........(((..................))).((((................)))).((((((....)))........))).((((((............))))))..........')]",2,0
122,0.0098542742748103,30.352915048599243,.............................((((......((((....((((...((((..((((.((((.....)).)).)).))..)).))...)).)).....)).))......)).)).,AAAAAAAACGACGAAAAAAAAAAAAACAAGGGCCAAAGACCGGAAAACGCCACAGCAGAACCACACACCUAUAUGGAUGCGUAGGGGCUAGCAUCGGACGAAGAACCAGGGAAGACGCACCA,"['.............................((((......((((....((((...((((..((((.((((.....)).)).)).))..)).))...)).)).....)).))......)).)).', -21.600000381469727]",True,0.019819813575353,"[(-21.600000381469727, '.............................((((......((((....((((...((((..((((.((((.....)).)).)).))..)).))...)).)).....)).))......)).)).')]",1,1
123,0.3190749147788494,200.6204755306244,.(((.(((...(((.(((...))).(((....))).)))...(((.(((....))).(((...))).)))...(((.(((....))).(((...))).)))...))).(((...))).)))..,AAGUAACUAAGGGCAGGCAAAGCCAGUGAAAUCACAGCCCAAUAUCCGGAACGCCGUCGCAAAGCGAAUAAAAAUAAGCCUUUUGGCAGGGAAACCCAUAUAACAGUUCGCAUCGCGUACUCA,"['.((((.....((((.(((...))).(((....))).))))......(((....))).(((...((((((........(((....))).(((...)))........))))))...)))))))..', -30.0]",False,0.2656063091135059,"[(-30.0, '.((((.....((((.(((...))).(((....))).))))......(((....))).(((...((((((........(((....))).(((...)))........))))))...)))))))..')]",1,0
151,0.0242351681558223,28.088052988052368,.....(((((((...((((...((((...((((.........(((((............)))))...))))....((((..........))))...))))...(((........)))...))))..((......))...))))))).....,AUAAAGGGAACGAAAGCGCAAAGAGGAAAGGCCCACCAAAACGACUCGUUUUUCAUUUAGAGUCAACGGCCACGCCCGCAACAAGAAACGCGGAAACCUCUAAGGCACCAACUCGCCGAAGCGCAACCAGAAAAGGACCCGUUCCCGCCUA,"['.....(((((((...((((..(((((...((((.........(((((............)))))...))))....((((..........))))...)))))..(((........)))...))))..((......))...))))))).....', -42.0]",False,0.01932059406526,"[(-42.0, '.....(((((((...((((..(((((...((((.........(((((............)))))...))))....((((..........))))...)))))..(((........)))...))))..((......))...))))))).....')]",1,0
174,0.0119654246925019,0.185823917388916,(((((.((((((.((((((.((((((.((((((.((((((....((((((......)))))).)))))).(((((...(((((((...)))))))))))).)))))).((((((((((((...)))))))...))))).))))))....))))))....))))))....))))),GCAACAGUACCAUCACACUUCCGACUCCACCGCAGUGAUCAAUUCCGACUUAUGGUAGUCGGCGAUCACCGGGGGAAUCUUAUAGCGCCUAUAAGCCCCCAGCGGUGCAGACGUGUAGCCGCGGGCUACAAACCGUCUUAGUCGGCCCUAGUGUGCGCUUGGUACAAGAGUUGC,"['(((((.((((((.((((((.((((((.((((((.((((((....((((((......)))))).)))))).(((((...(((((((...)))))))))))).)))))).((((((((((((...)))))))...))))).))))))....))))))....))))))....)))))', -77.0999984741211]",True,0.0139191184617618,"[(-77.0999984741211, '(((((.((((((.((((((.((((((.((((((.((((((....((((((......)))))).)))))).(((((...(((((((...)))))))))))).)))))).((((((((((((...)))))))...))))).))))))....))))))....))))))....)))))')]",1,1
184,0.1862272994474351,42.1135950088501,...(((((((....((..((..(((..((..((..((..((..((..((...)).))..)).)).))..)).))).)).)))))))))........(((((((....((..((..(((..((..((..((..((..((..((...)).))..)).)).))..)).))).)).)))))))))...,AAAGGAACUCUACAGCACGCAGGUCAAGCAACCAAGCAAGGAACCACGGUAUCCAGGAGCCGGCAGGAAGCCGACAGCAGCGAGUUCCGCCUAUCUCUGGAGGGAAACCACGCCACAGUCUGCGCCGCGGAACGGAGGGAGCAAAGCACCGACGACCAGGAACAUCUGAGCAGGCCUCCAGCCC,"['...(((((((....((..((..(((..((..((..((..((..((..((...)).))..)).)).))..)).))).)).)))))))))........(((((((....((..((..(((..((..((..((..((..((..((...)).))..)).)).))..)).))).)).)))))))))...', -50.599998474121094]",True,0.0195879295485415,"[(-50.599998474121094, '...(((((((....((..((..(((..((..((..((..((..((..((...)).))..)).)).))..)).))).)).)))))))))........(((((((....((..((..(((..((..((..((..((..((..((...)).))..)).)).))..)).))).)).)))))))))...')]",1,1
192,0.2893091409462355,2.921139478683472,((((((((((((((.((((((...........((((((((((((.....((((((((....(((((((((((((........))))))))))....))))))))....))))))....)))))...((((((.......))))))))))............)))))).))))....))))))...))))...,GCCUAUCAGCCUCAAGACCGAAGAAAAGAAAUCGCGGGACAGGCCUUAGGCCUCAGAGACCCGGAAUAGUUUUCCCCAAACUGAAAACUAUUAUAACCGUCUGAAAAUGGCGCCAUAAUGUCCAGUCUCACUGAUCGCGAGUGAGCGCGUUGGGGGCAAAGUCGGUCGUGAGUUCUGCUGAUUGAAGGCGUU,"['((((((((((((((.((((((.............((((.((((((...)))))....).)))).((((((((((........))))))))))....((((......)))).(((.((((((...(.((((((.......)))))))))))))..)))....)))))).))))....))))))...))))...', -66.0]",False,0.0185805060785765,"[(-66.0, '((((((((((((((.((((((.............((((.((((((...)))))....).)))).((((((((((........))))))))))....((((......)))).(((.((((((...(.((((((.......)))))))))))))..)))....)))))).))))....))))))...))))...')]",1,0
200,0.1170079355504686,392.44984698295593,.((.((.....(((((...((.(((.........................))).))...))).))...)).)).(((..(((..((.......((....)).......)))))......))).(((((.......(((..((..(((..((.(((...............)))..))..)))..)).)))..))..))).,CGCAGGAAAAACCCGGAACGCAGCCACAACCCAACAACUCACCAAAACACGGCCGCAAACCGAGGAAACCAGCAGGGACCGCAAGGAAACAAAGCCACAGCCAAAAAACCGCGAAAAAACCCAGGGACAAAAAAAGCCUCGCAACAGUUGGUGGCAACCCAACAUACACAGCCUUCCUUCUGCAGCUGGCAAGUAACCCA,"['.((.((.....(((((...((.(((.........................))).))...))).))...)).)).(((..(((..((.......((....)).......)))))......))).(((.........(((..((..(((..((.(((...............)))..))..)))..)).)))......))).', -38.29999923706055]",False,0.0344635898557331,"[(-38.29999923706055, '.((.((.....(((((...((.(((.........................))).))...))).))...)).)).(((..(((..((.......((....)).......)))))......))).(((.........(((..((..(((..((.(((...............)))..))..)))..)).)))......))).')]",1,0
202,0.2428382550921449,902.8773140907288,...(((((((...))))..((((...))))..((((...)))))))........(((((((...))))..((((...))))..((((...)))))))........(((((((...))))..((((...))))..((((...)))))))........(((((((...))))..((((...))))..((((...)))))))...,ACAUUUGGCGACACGCCUCGGCCGCAGGCCAAGCUCGACGAGCAAAAUCACAUAUAAGUCCGAAGGACACGGAGAAUCUCCUCGCACACAGUGCUUACUCAAACAAUCGGUCAAAGACCACGCCCAGCGGGCAAGCGGACACCGCGAUCUCAAUAAUAACAGGCACCCUGAAGAGCAUAGCUCAUGCGCCCUGCGCUUACUC,"['......((((...))))..(((.((((((((.((((...))))..............((((...))))..((((...))))..((((...))))..............((((...))))..((((...))))..((((...))))..............((((...))))..((((...)))).)).).)))))))).....', -59.099998474121094]",False,0.1258464520439991,"[(-59.099998474121094, '......((((...))))..(((.((((((((.((((...))))..............((((...))))..((((...))))..((((...))))..............((((...))))..((((...))))..((((...))))..............((((...))))..((((...)))).)).))).)))))).....'), (-59.099998474121094, '......((((...))))..(((.((((((((.((((...))))..............((((...))))..((((...))))..((((...))))..............((((...))))..((((...))))..((((...))))..............((((...))))..((((...)))).)).)).))))))).....'), (-59.099998474121094, '......((((...))))..(((.((((((((.((((...))))..............((((...))))..((((...))))..((((...))))..............((((...))))..((((...))))..((((...))))..............((((...))))..((((...)))).)).).)))))))).....'), (-59.099998474121094, '......((((...))))..((.(((((((((.((((...))))..............((((...))))..((((...))))..((((...))))..............((((...))))..((((...))))..((((...))))..............((((...))))..((((...)))).)).))).)))))).....'), (-59.099998474121094, '......((((...))))..((.(((((((((.((((...))))..............((((...))))..((((...))))..((((...))))..............((((...))))..((((...))))..((((...))))..............((((...))))..((((...)))).)).)).))))))).....'), (-59.099998474121094, '......((((...))))..((.(((((((((.((((...))))..............((((...))))..((((...))))..((((...))))..............((((...))))..((((...))))..((((...))))..............((((...))))..((((...)))).)).).)))))))).....')]",6,0
212,0.1538377704799051,1028.8273503780365,....((((..(((((..((((..((((.....))))((((((...))).)))))))((((((.((.((.(((((....)).)))))))(((((.((.((.((....))))))((((.(((....)).)).)))..)).)))))).))))))))(((.(((.(((.((((....))))))))))((((((((...))).)).))).))))))),AUCAUCACACCGUUCUUCGCCAACAGCUCCAUGCUGGUCGGGUAUCCCAGACGGCGCGCACGAUACGCACCGCCUUCAGGACGGGCUAAUAUAAGGAUCACCAAUAGGGACCAGUGGGACGACCGUACCCACUUAUAGUAUCGUAGCGGAACGGGUACGGAGGACGCUGCAACCAGCUCCCCGGGCGCCGCAAUGCGAGCAGCCGACCGUGA,"['....((((.((((((..((((..((((.....))))((((((...))).)))))))((((((((((((.(((((....)).)))))........((.((.((....))))))((((((((....)).))))))....))))))).)))))))))...(((.(((.((((....))))))))))((((((((...))).)).)))....))))', -84.5]",False,0.1833774958000679,"[(-84.5, '....((((.((((((..((((..((((.....))))((((((...))).)))))))((((((((((((.(((((....)).)))))........((.((.((....))))))((((((((....)).))))))....))))))).)))))))))...(((.(((.((((....))))))))))((((((((...))).)).)))....))))')]",1,0
213,0.0267214647410839,0.940150260925293,((((....))))...(((((((..(((((((.......))))))))))))))...((((((((......(((((((.(((((((.......))))))))))))))...((((((((((((((.......))))))).)))))))......))))))))...((((((((((((((.......)))))))..)))))))...((((....)))),GCCGAUAUCGGCGUAUCGCUGGUUAGCCUAGGCCCAAACUAGGCUCCAGCGAAUUGAAGCAUCAGGGGCGUGUUACUAAACAGCAUGCACCGCUGUUUGUAACACUAUUACGCCGACAAUUGAGUCGGACAAUUGUGCGGCGUACAAGAGGAUGCUUCACCUCCGCUGGUAUUCGGUCGGUACGAAUACGGCAGCGGAUACCACGGCAACGUG,"['((((....))))...(((((((..(((((((.......))))))))))))))..(((((((((......(((((((.(((((((.......))))))))))))))...((((((((((((((.......))))))).)))))))......)))))))))..((((((((((((((.......)))))))..)))))))...((((....))))', -101.5]",False,0.0189674554237984,"[(-101.5, '((((....))))...(((((((..(((((((.......))))))))))))))..(((((((((......(((((((.(((((((.......))))))))))))))...((((((((((((((.......))))))).)))))))......)))))))))..((((((((((((((.......)))))))..)))))))...((((....))))')]",1,0
214,0.0649551077637326,0.9829699993133544,...((((((....))))))(((((....)))))((((((....))))))(((((....)))))((((((....))))))(((((....)))))(((((....)))))((((((....)))))).(((((....)))))((((((....))))))(((((....)))))((((((....))))))(((((....)))))((((((....)))))),AAACCCCAUUAAGAUGGGGCCUCGAAGACGAGGAUCCACGAUGGUGGAUGGGUCGGCCGACCCGUCCCCCCUAGGGGACCGACUCAAAAGUCGAGCCCAAAUGGGCUCGAGUCUGACGACUCGACUAGCCUUGGCUAGAGGGUCUGAUGACCCUACUUUGGUAAAAGUCUGCCCCUCAGGGCAGUGCGUGUCCACGCAGACGUCCGGUGACGUC,"['.(.((((((....))))))(((((....)))))((((((....))))))(((((....)))))((((((....))))))(((((....)))))(((((....)))))((((((....)))))).(((((....)))))((((((....))))))(((((....)))))((((((....)))))))((((....)))).((((((....))))))', -108.80000305175781]",False,0.018987971935752,"[(-108.80000305175781, '.(.((((((....))))))(((((....)))))((((((....))))))(((((....)))))((((((....))))))(((((....)))))(((((....)))))((((((....)))))).(((((....)))))((((((....))))))(((((....)))))((((((....)))))))((((....)))).((((((....))))))')]",1,0
258,0.3983919230651998,124.59038162231444,(((.(((((((...))))..))))))...(((.(((((((...))))..))))))...(((.(((((((...))))..))))))...(((.(((((((...))))..))))))...(((.(((((((...))))..))))))...(((.(((((((...))))..))))))...(((.(((((((...))))..))))))...(((.(((((((...))))..))))))...(((.(((((((...))))..)))))),CGGACGCGCACCUUGUGCUAGCGCCGAACCUGACGGGGCCAGAGGCCGGCCGCAGACGCCCAGGCGUCCCUAGGACAGGCCGGGAACGAGUGCCCAACCUAGUUGAAGGCCUCCACCGGUGGAACAGUCACUGUCAUCCCCGCACGCUACGACUCCUGUGGAGACUCGAGCAUUGGUACGGAGUGCCCCACUAGCCGACCUCCCGACUGACUGGUAACCAGAAUCAUCGCCUGCAUGAGAGACCCCGUCUGACUCUGC,"['((((((.(..((((((((..(((..((..(((..(.((((.......)))).).(((((....))))).((((..(((..(((((..(((.(((((((...))))..))))))...(((.(((((((...))))..))))))...(((.(((((((...))))..))))))...(((.(((((((...))))..))))))))))).))).))))....)))..))..)))..))))))).)..).)))))).......', -92.30000305175781]",False,0.0199920205729657,"[(-92.30000305175781, '((((((.(..((((((((..(((..((..(((..(.((((.......)))).).(((((....))))).((((..(((..(((((..(((.(((((((...))))..))))))...(((.(((((((...))))..))))))...(((.(((((((...))))..))))))...(((.(((((((...))))..))))))))))).))).))))....)))..))..)))..))))))).)..).)))))).......')]",1,0
282,0.1394862568452738,275.4362461566925,((((....).))).((((....).))).((((....).))).((((....).))).((((....).))).((((....).))).((((((((((((((((((((((...)))).))))))).(((((..((((((((((..(((((((...))))))).))))))))))((((.((((((...)))))))))))))))...))))))))))).((((....).))).((((....).))).((((....).))).((((....).))).((((....).))),GCGCAGACGACGCAGGCCAAAAGAGCCAGCCCAAAUGAGGCACCGCAAAAGACGGAGGGCAAAAGACCCAGGCCAACAGAGCCAGCAGUGUAGCCCCACUGCCGGCUUCGCCGCGCAGUGGCGGGGCAGCGUAGUGAGCUCGCCUCGCUGGGCGAGGCUGCUCACUACGGAUCGCGUCUCUAUGAGACGGAUCGCCCCAUCGGCUACACUGCACCGCAAAAGACGGAGCGCAUAAGACGCAGCCCAAUAGAGGCAGGCCGAAGGAGCCAGGGCGAAAGACCC,"['((((....).))).((((....(.(((.((((...((.(((.((((....).))).((((....).))).((((....).))).((((((((((((((((((((((...)))).))))))).(((((..((((((((((..(((((((...))))))).))))))))))((((.((((((...)))))))))))))))...))))))))))).((((....).))).((((....).))).)))))...).))).))))....).))).((((....).)))', -137.3000030517578]",False,0.0348883318612596,"[(-137.3000030517578, '((((....).))).((((....(.(((.((((...((.(((.((((....).))).((((....).))).((((....).))).((((((((((((((((((((((...)))).))))))).(((((..((((((((((..(((((((...))))))).))))))))))((((.((((((...)))))))))))))))...))))))))))).((((....).))).((((....).))).)))))...).))).))))....).))).((((....).)))')]",1,0
284,0.0186699797140768,7.646357297897339,.....((((((((...((((((((((..((((..........))))..((((..........))))..((((..........))))..))))))))))...((((((((((..((((..........))))..((((..........))))..((((..........))))..))))))))))...((((((((((..((((..........))))..((((..........))))..((((..........))))..))))))))))...)))))))).....,AUUUAGAUCCGACUCACCACCUACGAACGGGAUUCAUCUACUUCCCAUGCAGGUCUAAGUUACUGCUCGCCCGACGUCAAAAGGGCUCUCGUAGGUGGCCAGCGUACCAUCACGUCGACAUUGCAACCGACACCUGCUACGCAUCUUGCAGACCUACAAACUACCACGUAGGAGAUGGUACGCACCGUGUGUGACCGACCAUCUAGGACAUGAUGGGGGGCCGGGAGUUAAAGGCCAAGUGCUCAAUAACAUGCACAAGGUCACACACACUGUCGGAUCGUUGC,"['.....((((((((...((((((((((..((((..........))))..((((..........))))..((((..........))))..))))))))))...((((((((((..((((..........))))..((((..........)))).(((((..........))))).))))))))))...((((((((((..(((((........)))))..((((..........))))..((((..........))))..))))))))))...)))))))).....', -115.5]",False,0.0183433110714948,"[(-115.5, '.....((((((((...((((((((((..((((..........))))..((((..........))))..((((..........))))..))))))))))...((((((((((..((((..........))))..((((..........)))).(((((..........))))).))))))))))...((((((((((..(((((........)))))..((((..........))))..((((..........))))..))))))))))...)))))))).....')]",1,0
284,0.4270414386670821,3144.1831529140472,(..(((..((((..((....((..((((....))....))..))))..))....))..))((..((..((..((((..((....((..((((..((....((....))))..))....))..))))..))((..((..((....))((..((((..((....((..((((....))....))..))))..))....))..))))..))..))..))((..((....((..((((..((....((....))))..))....))..))))..))))..))..)..),AAAUGCGUGGCGCACGAAAAUGUUCCAGAUCUCUCCCUGGCUCACGAGCGAAAACCUAGCAGACUAAUUAAAUACUAUACAAACCAGCCGCGAAGACCCCCCCCCAGGUCACCGAUAACGAAUGGUCAAGCGAGCGAAUUACCCAAUCAUGCAACCAGCCUGGAUCUGCGCAACCGAUAGCAUUUCCUUAUUCCCCGCCCGACGCCCGCCUAAAUAGCCCGCCCAGAGGCCCCCGAGUCAAAGCCCACGCACAAGGAAACGGGCCUGCCAGCUAAACUAAACCU,"['....(((.((((..((....((..((((........))))..))...((.........))......................((((..((((..((((........))))..))....))..))))...(((.(.((((...........((.....))..(((..(((..........)))..)))..))))).))).)).))))))).....((((..((....((((((((..((....((....))))..))....))))))))..))))..........', -56.400001525878906]",False,0.2566218376793352,"[(-56.400001525878906, '....(((.((((..((....((..((((........))))..))...((.........))......................((((..((((..((((........))))..))....))..))))...(((.(.((((...........((.....))..(((..(((..........)))..)))..))))).))).)).))))))).....((((..((....((((((((..((....((....))))..))....))))))))..))))..........')]",1,0
316,0.0464807310957303,1264.369385957718,...((....))....(((((((((.........)))))))))....((((.....)))).....(((....)))...(((((.......)))))....(((...((....)).....(((....)))....((((((.......))))))....(((....))).....((((((....(((.......)))..(((........)))...(((((......)))))...((((.....))))..)))))).........((....)).....((....))......(((((..........)))))......))),AAAGCAAUCGCAAAAGCCCCUAGCAAAUAGAACGCUAGGGGCAAACGGGCUCCUUGCCCAAAAAGCCAUCAGGCACACCGUCUUCACUCGACGGAAAAAUAACAGCACAAGCAAAACGCCAAAAGGCAACAGUGGCGGCAUGAACGCCACAACCGGCAACUGCCAAAAAGCCCCCAAAAGGCGACAAAAGCCGACCCAACGAAAAGGGAAAGCACCAGAGAAGGUGCAGAGGACACUAAGUCCAAGGGGGCAACAAAAAACCGAAAGGAAAAAGCAAAAGCAAAAGAGCUCCGACCAUAAAAGGAGCAGAAAAUAU,"['...((....((....(((((((((.........)))))))))....((((.....)))).....(((....)))...(((((.......)))))..........((....)).....(((....)))....((((((.......))))))....(((....))).....((((((....(((.......)))..(((........)))...(((((......)))))...((((.....))))..)))))).........((....)).....))....))......(((((..........))))).........', -112.4000015258789]",False,0.0242251355234814,"[(-112.4000015258789, '...((....((....(((((((((.........)))))))))....((((.....)))).....(((....)))...(((((.......)))))..........((....)).....(((....)))....((((((.......))))))....(((....))).....((((((....(((.......)))..(((........)))...(((((......)))))...((((.....))))..)))))).........((....)).....))....))......(((((..........))))).........')]",1,0
337,0.0240314903178427,9015.278223514557,((((((.((((((....)))))).(((....))).(((....))).((((((....)))))).(((....))).((((((....)))))).(((....))).(((....))).((((((....)))))).(((....))).((((((....)))))).(((....))).(((....))).((((((....)))))).(((....))).((((((....)))))).(((....))).(((....))).((((((....)))))).(((....))).((((((....)))))).(((....))).(((....))).((((((....)))))).)))))),GAUUAAAGCCGGCAAAAGCCGGCAGCCAAAAGGCAGCCAAAAGGCAGGCGCCGCGUGGCGCCGGGCGAAAGCCAGCUCUGACGACAGAGCAGCCAAGAGGCAGCCACAAGGCAGGCAUCACUCGAUGCCAGGCAAAAGCCAGCUUCCUAGAGGAAGCAGGGAGGUCCCAGCCGGAAGGCAGCGGGCUCGUGCCCGCAGGCAGAAGCCAGGGCGCAGGAGCGCCCAGCCACAAGGCAGCCACACGGCACCUCGCACAAGCGAGGAGGCACAAGCCAGGACCCGCGAGGGUCCAGCCACAAGGCAGCCAAAAGGCAGCACCCACUCGGGUGCAUUAAUC,"['((((((.((((((....)))))).(((....))).(((....))).((((((....)))))).(((....))).((((((....)))))).(((....))).(((....))).((((((....)))))).(((....))).((((((....)))))).(((....))).(((....))).((((((....)))))).(((....))).((((((....)))))).(((....))).(((....))).((((((....)))))).(((....))).((((((....)))))).(((....))).(((....))).((((((....)))))).))))))', -195.0]",True,0.0377091216792644,"[(-195.0, '((((((.((((((....)))))).(((....))).(((....))).((((((....)))))).(((....))).((((((....)))))).(((....))).(((....))).((((((....)))))).(((....))).((((((....)))))).(((....))).(((....))).((((((....)))))).(((....))).((((((....)))))).(((....))).(((....))).((((((....)))))).(((....))).((((((....)))))).(((....))).(((....))).((((((....)))))).))))))')]",1,1
355,0.4564686517741035,8487.752256393433,.......((((.((((.(((.(((....))).(((.(((....))).(((.(((....))).(((.(((....))).(((.......))).))).))).))).))).(...).)))).((((...((.(((...((...))........))).(((.(((....)))(((....)))(((....)))))).))...((((.(...).(((.(((.(((.(((.(((....(((....))).))).(((....))).))).(((....))).))).(((....))).))).((((((....)))(((....))).(((....)))))).))).))))...)))).)))).......,UACAAUCAAAAUUUAUAUCUAUGCGCAAGCAAAGAAGCCAACCGGCCAUUAGGGUAUACCCAUUUAGCUCAUCAGCAGGCAAAUCAAGCCAAAACAAUAUCUCAGAAAAAAUAAUAACUUAAAUCACACGGACCUUCAAAACCCCCACCCCGCGUGCGCGUAUUCGCCCCAAAAGGGAUCGUCAGAUCACAGUAAAAAGUAAAAAUAGUAAAUAAAAUAAUAAGGGAAAUUACGUACGUAACCCGUCCAGGAGGAAUAUAGGCCAGAGCCAAUUAGCGGAUUCGCAUAUUAUACCCAAAAGGGGCCGAAUGGCACGGACACCCGUAUUUACAACUUCACUUAACUUUUUUCCCUU,"['.................(((.(((....))).))).((((..(((((....(((((((........(((....))).(((.......)))..................................(((.(((..................))).))).(((.((((((.((....))((((....))))...................................(((...((((....))))))).(((....))).....(((....))).....)))))).)))....)))))))......)))))..))))((((....))))..............................', -73.30000305175781]",False,0.3242754483412241,"[(-73.30000305175781, '.................(((.(((....))).))).((((..(((((....(((((((........(((....))).(((.......)))..................................(((.(((..................))).))).(((.((((((.((....))((((....))))...................................(((...((((....))))))).(((....))).....(((....))).....)))))).)))....)))))))......)))))..))))((((....))))..............................')]",1,0
358,0.2810577318221975,7927.897770643234,(..(..(....)..(((..(.(.(((...)))..)..)..)))..(..(....)..).(..(....)..).....(....)..)..)..(..(..(....)..(((..(.(.(((...)))..)..)..)))..(..(....)..).(..(....)..).....(....)..)..)..((..(..(....)..(((..(.(.(((...)))..)..)..)))..(..(....)..).(..(....)..).....(....)..)..))..((..(..(....)..(((..(.(.(((...)))..)..)..)))..(..(....)..).(..(....)..).....(....)..)..)),UAAUAAUAACAACAGCGGACACGGCCUUAGGCAAGAAGAACGCAAGAAGAACACGACAAAAACAAAUAAUACAAAGACACCAAAAAAAAAAAAAAGAACCCAAGCCGACAGCGCCACAGGCAACAAGGAGGCAAUAAGAAAACAAAGCAACACAAGAAGCAAACGAACACAAUAAUACAGAAAAACAAAAGAAGGGAACGCAGGCACAGCCAAGAAGAGCCCAAUACAAACAUAAACACCUAAAUAACUCACCAACAAAUAAUAACUACAUCAAACUAAAAAACGGCACCACAGCGCAACGCAAGACGAGGCCCAUAAUCAACAAAACUACUACACAACACCCCCACACAUCAUAUAU,"['......................((((((..((.........))............................................................(((..(...(((...))).....)..)))..............((..........)).................................(((..(...(((...))).....)..))).......................................................................(((...))).....)))))).............................................', -27.100000381469727]",False,0.2153196207659158,"[(-27.100000381469727, '......................((((((..((.........))............................................................(((..(...(((...))).....)..)))..............((..........)).................................(((..(...(((...))).....)..))).......................................................................(((...))).....)))))).............................................')]",1,0
364,0.2078922871267481,2179.4366869926453,(((((((((((((((((...(.(..((.(((.(((.((....).))).)))).).)..))..))))))).(((((..(.(..((.(((.(((((.(((.((((.((....).)))).))))).))).)))).).)..))..)(....)..))))(((((((((...))))).(((((...)))))(.(....).).)))).)))).((((.((((...(((((((...))))))).(((((...)))))))))(((((((...))))))).(((((...)))))))))((((..(....)(..(..(..(.(.(((.((((.((....).)))).)))).)..)..).)..))))).)))))).,UAGUGUGAGCGCUCCGCACAAGCAAGCAGACGUGGACCGAGCGAGCCUAGUCCGACAGGUAAGCGGAGCACUAGUCGGAAAAUCAGCCUACUCGUCCGGUUAGACCAUAUGAGCUAUACGGCAGAGCUGGCAGCACCUCACAGAAGACGACUAGGGGCCGCCCCAAGGGCGCGCGUCGUAGACGCAAUCGAAAUUAGCCCGGCUCACACUUCCGGAUCGGGUACCAGUGGUACCCUGGGACGACGUCCCCCGGCCCUAGCACGGCUAGGGAGUCUCCUCGAGACAGUGAGGCAAUUAAAAGAAGAUGACGACGCAGAGCCGACGUUGACAGCGGACCUGGGGACAACACGACGCCUGACACUAU,"['.((((((((((((((((....((..((.(((..((..(....)..))..))).).)..))..))))))).(((((((........(((..(((..(((..(((..(....)..)))..)))..)))..)))......((......)))))))))(((((((((...))))).(((((...)))))...........)))).))))))))).((((...(((((((...))))))).(((((...)))))))))(((((((...))))))).(((((...))))).((.((((........(..(.((..(.(.(((..(((.(.......))))..))).)..)..)))..))))).)).....', -135.6999969482422]",False,0.1813180984566369,"[(-135.6999969482422, '.((((((((((((((((....((..((.(((..((..(....)..))..))).).)..))..))))))).(((((((........(((..(((..(((..(((..(....)..)))..)))..)))..)))......((......)))))))))(((((((((...))))).(((((...)))))...........)))).))))))))).((((...(((((((...))))))).(((((...)))))))))(((((((...))))))).(((((...))))).((.((((........(..(.((..(.(.(((..(((.(.......))))..))).)..)..)))..))))).)).....'), (-135.6999969482422, '.((((((((((((((((....((..((.(((..((..(....)..))..))).).)..))..))))))).(((((((........(((..(((..(((..(((..(....)..)))..)))..)))..)))......((......)))))))))(((((((((...))))).(((((...)))))...........)))).))))))))).((((...(((((((...))))))).(((((...)))))))))(((((((...))))))).(((((...))))).((.((((...................(.(((..(((.(.......))))..))).)...........)))).)).....')]",2,0
370,0.1373171973279707,222.5386254787445,((((...))))(((((((....))(((((..(((((((....))(((((((((...))))..((((...)))))))))((....)))))))..(((((((....))(((((((((...))))..((((...)))))))))((....)))))))..(((((((....))(((((((((...))))..((((...)))))))))((....)))))))..(((((((....))(((((((((...))))..((((...)))))))))((....)))))))..(((((((....))(((((((((...))))..((((...)))))))))((....)))))))..)))))((....)))))))((((...)))),GCCCAUGGGGCGGCUCCGAAGACGUAUCCUCGCAGCUCAAAAGACGGUGGGGCAAGGCCCAUCCCGUACCGGGCACCGUCAACAGAGCUGCCCGUCAGCUAUACAGCUCCGGCCCCUUGGGCGUCGGGUUUCCCGCGGAGCUCCCCAGCUGACUCGCUGCUCUCCAGACGUCGGCCCCAAGGGCAACGGCGAAGCCGCGACGUUAAACAAGCAGCUUGCCAGGCGAAAGCCGCGGGGCCAUCGGCCAACCCCUUCGGGGCCGCGGCGGAAGCCUGGCUCGCCUCGUAAGAACCCAGGGGCGAACCGCCGACCCCACUGGGGCCUGGGUGAGGACGAGGCUCGGAUACGGAAGCGGAGCCGGGCUGAGCCC,"['((((...))))(((((((....(((((((..(((((((....(((((((((((...))))..((((...)))))))))))....)))))))..(((((((....(((((((((((...))))..((((...)))))))))))....)))))))..((((((.....(((((((((((...))))..((((...))))))))))).....))))))..(((((((....(((((((((((...))))..((((...)))))))))))....)))))))..(((((((....(((((((((((...))))..((((...)))))))))))....)))))))..)))))))....)))))))((((...))))', -215.39999389648438]",False,0.1359223841435311,"[(-215.39999389648438, '((((...))))(((((((....(((((((..(((((((....(((((((((((...))))..((((...)))))))))))....)))))))..(((((((....(((((((((((...))))..((((...)))))))))))....)))))))..((((((.....(((((((((((...))))..((((...))))))))))).....))))))..(((((((....(((((((((((...))))..((((...)))))))))))....)))))))..(((((((....(((((((((((...))))..((((...)))))))))))....)))))))..)))))))....)))))))((((...))))')]",1,0
378,0.107683273307813,748.6297109127045,...((((..(((((.....)))))..(((((...)))))..(((((.....)))))..(((((...)))))..(((((.....)))))..(((((.....))))).((((((((((((((((((((((((((((......))))).(((((.............((((.........................................)))).............)))))(((((....))))).)))))))))))))))))))))))..(((((.....)))))..(((((.....)))))..(((((.....)))))..(((((.....)))))..(((((....)))))..(((((.....))))).))))...,AAUAGAACGGCUACGAUUAGUAGCAAGCUGCGAUGCAGCGCGCCGGGCUUGCCGGCAAGGACCUGAGGUCCAGGCUCCAAAAAGGAGCAACUAGCUGUGCGCUAGGGCACUAGCGCGGGACGAGCCCCCCAUGGCGGAUACCAUGAGCGGCCAUAAAAAACCACGCUCAAAAAAAAAAACAACAACCAAUAACAAAAACAAAAAGAGGAGAGCAAUACCAAACCCCGCCGCCCCGCUCCUGCGGGCGGGGGCUCGUCCCGCGCUAGUGCAAGAUCGGCCCACGAUCAAGCAGCACCUAGCUGCAAGCGGCACAGAGCCGCACGCGUCACGAAGACGCAAGAGGCUGGAGCCUCAAGCCACUGACUGUGGCAUUCUCGA,"['...((((..(((((.....)))))..(((((...)))))..(((((.....)))))..(((((...)))))..(((((.....)))))..(((((.....))))).((((((((((((((((((((((((((((......))))).(((((.............((((.........................................)))).............)))))(((((....))))).)))))))))))))))))))))))..(((((.....)))))..(((((.....)))))..(((((.....)))))..(((((.....)))))..(((((....)))))..(((((.....))))).))))...', -187.57000732421875]",True,0.0221661560071407,"[(-187.57000732421875, '...((((..(((((.....)))))..(((((...)))))..(((((.....)))))..(((((...)))))..(((((.....)))))..(((((.....))))).((((((((((((((((((((((((((((......))))).(((((.............((((.........................................)))).............)))))(((((....))))).)))))))))))))))))))))))..(((((.....)))))..(((((.....)))))..(((((.....)))))..(((((.....)))))..(((((....)))))..(((((.....))))).))))...')]",1,1
379,0.0219935094096309,85.1193175315857,(((((((((((........)))).((...............))....(((((.......))))))))))))....(((((((..((((........))))(((.............)))....(((((.......))))))))))))....(((((((..((((........))))((((((.......))))))....(((((.......))))))))))))....(((((((..((((........))))((((((.......))))))....(((((.......))))))))))))....(((((((..((((........))))((((((.......))))))....(((((.......))))))))))))....,GGGACUGGAGGAAAAACACCCUCAGGAAAAAACGCUAUAAACCAUCACGGCGAAACUCGCGCCGCAGUCCCUCCCGCUCUUCAACAGACAAACACAUCUGGGCUUCCACCACCUAUGCCUCAAGCGCGUCGAUCCCGCGCGAAGAGCCUUAGGGCAGCGCGCUGUCAUAAUUCAGCCCAAACCCCUUUAGUUUGGUUUACGGGGAACGUAACCCCGGCUGCCCACGAUACCACGGAGCACAAAAUAUCGUGCGACCUAUUAAAUUUAGGUCUGGACCUCCGCACAUAGGAGGCGUGGUAGAAGGUAUCCGAACUCCGUGUAUCAGGAGGUGUGGGACUGUGCCACACAGAAGAACGUCUAAUUCGUUCCGGAUACAAAC,"['(((((((((((........))))........................(((((.......))))))))))))....(((((((..((((........))))(((.............)))....(((((.......))))))))))))....(((((((..((((........))))((((((.......))))))....(((((.......)))))))))))).(..(((((((..((((........))))((((((.......))))))....(((((.......))))))))))))...)(((((((..((((........))))((((((.......))))))....(((((.......))))))))))))....', -144.0]",False,0.0169804070523502,"[(-144.0, '(((((((((((........))))........................(((((.......))))))))))))....(((((((..((((........))))(((.............)))....(((((.......))))))))))))....(((((((..((((........))))((((((.......))))))....(((((.......)))))))))))).(..(((((((..((((........))))((((((.......))))))....(((((.......))))))))))))...)(((((((..((((........))))((((((.......))))))....(((((.......))))))))))))....')]",1,0
380,0.4693047116358914,2534.735566854477,(..((....((..((....((..((....(..((..((....((..((..((....(..((..((..((....((..((..((..((....((..((..((..((..((....((..((..((..((..((....((..((..((..((..((..((....((..((..((..((..((..((....((..((..((..((..((..((......))..))..))..))..))..))))..))..))..))..))..))))..))..))..))..))..))))..))..))..))..))))..))..))..))..))))..))..))..))))..))..))..)))..))..))))..))..)))..))))..))))..),GUAGGCACUGGACGCUCAAGGAAGGAAAAGAAGGAAGCAAUAGCAACGAAGCACAAGAACGGACGAAGGAACAGGAACCAAUGAAUGAACCCGAGCCAGCGACGCGACGAAAAGCAAUCUACCGACCAAGCCAUAUGAACCACGCAACCUACCUCGCAAAAGGGACCAAGGGACAGUGCGACCAUAACGAGCCAACCGCGGCGCGACCCACAACAGGCCCGAACCAAGGACGGAGCGGGAAGCUAUGAACCAAGGAACCGCAUGGCCGGAGGCAAGGGCCAGCAAGGGGGGCCGACAGCCGAAGCAACGAAGGAACGCACGCAGAGGGGCCCCAGCGAACGCCCGCGACGACGCGCGACCACCCCGACCGCAACCCCUAC,"['(((((....((..((....((..((.................((......)).......((..((..((....((..((..((..((....((..((..((..((..((....((..((..((..((..((....((..((..((..((..((..((....((..((..((..((..((..((....((..((..((..((..((..((......))..))..))..))..))..))))..))..))..))..))..))))..))..))..))..))..))))..))..))..))..))))..))..))..))..))))..))..))..))))..))..))..((((......))))......))..))))..)))))))', -89.4000015258789]",False,0.019962293330847,"[(-89.4000015258789, '(((((....((..((....((..((.................((......)).......((..((..((....((..((..((..((....((..((..((..((..((....((..((..((..((..((....((..((..((..((..((..((....((..((..((..((..((..((....((..((..((..((..((..((......))..))..))..))..))..))))..))..))..))..))..))))..))..))..))..))..))))..))..))..))..))))..))..))..))..))))..))..))..))))..))..))..((((......))))......))..))))..)))))))')]",1,0
382,0.2358942317696176,3684.153440475464,......((.......((.((.......((.((...............)).........((...............)).)).......)).((.......((...............)).......)).((.......((.((...............)).........((...............)).)).......)).((.......((...............)).......)).((.......((.((...............)).........((...............)).)).......)).((.......((............((...............)).)).......)).)).......))......,ACCCCUCUAAAAUCCUACGUCAUAAAAAUUCGCCCCCAAACAACAUCCGAAAACCACGCCACUAAAACUCACCAAGGCAUCUCAAACACUGUCCAACCCCGAAAUCCACCAACCGCCGAACAACCACAGUACACCCUAUAGCGAACCCUUACAACCCGCCCACAUCAAAUCCACAACUAAAUCAAAUCAUAAAAAAAACGACCACACCAGAGCCAGCACAAAAAAAUCCAAAAAAGUCGUAUACAAAUUCGGGACCAAUAUACAAACCCAUAAAAGACGAGCAACCACAACCAAAUCGAAAACCCCCACAAUCCAAACAGCCAAACCAAUAAAUGCAAUAGAAGAGAACGCAGGCAACAAAAAUAUAACAAAUCAGAAACUU,"['..............((.((((.......((((...............))))......(((...............)))...................((((((.....................................(((.............)))......................................(((((.......((...............)).......))))).......))))))......................))))))......................................(((...........(((.............))))))...........................', -22.200000762939453]",False,0.1707346419754612,"[(-22.200000762939453, '..............((.((((.......((((...............))))......(((...............)))...................((((((.....................................(((.............)))......................................(((((.......((...............)).......))))).......))))))......................))))))......................................(((...........(((.............))))))...........................')]",1,0
387,0.0147981243264823,3.3878018856048584,(((((((((((.(((((..(((((....((((((..(((((...(((((..((((((.((((((((((((((....))))))))))))))..(((....))).(((((((((....)))))))))..(((((....))))).)))))).))))).))))).))))))...((((((((.....))).)))))..((((((((((((((((((((((((....)))))))))))))).))))))))))...(((((......)))))((((((((((....))))))))))...((((....))))..)))))..))))).((((.(((.(((....)))))))))).(((((((((....))))).)))).)))).))).))))...,GGCUGUGCGGAAGCUACCACUCGUCACUGGGACGCAUCGCAUCACAACAAACCUCUGACUAAAAAGUGCAGCGACAGCUGCACUUUUUAGCGUGGCUUCCCAUCCCAUGGACAUGGGUCCAUGGGUACCAAGUGCUCUUGGGCAGAGGCUGUUGCUGCGACCGUCCCUUCUCGACGCCUCGGCGGCUGUCGAUAGAACCAACAACGAACAUAAGACUAUUGUUAGUCUUAUGUUCGCUUGUUGGUUCCCUAGGACAUAAACGUCCUGUACGGGUUGCUAUCAACCCGUACUCAAGGCAUGAGCCUCUACGAGAUGUAGCACAUUGCGGAUACGAUGGUACCGAAUGGCUCGGCAACCCCCGUUGCACGAGGUCCGACACUAGCCACC,"['(((((((((((.(((((..(((((....((((((..(((((...(((((..((((((.((((((((((((((....)))))))))))))).((((....))))(((((((((....)))))))))..(((((....))))).)))))).))))).))))).))))))...((((((((.....))).)))))..((((((((((((((((((((((((....)))))))))))))).))))))))))...(((((......)))))((((((((((....))))))))))...((((....))))..)))))..))))).((((.(((.(((....)))))))))).(((((((((....))))).)))).)))).))).))))...', -203.0]",False,0.0172236247170981,"[(-203.0, '(((((((((((.(((((..(((((....((((((..(((((...(((((..((((((.((((((((((((((....)))))))))))))).((((....))))(((((((((....)))))))))..(((((....))))).)))))).))))).))))).))))))...((((((((.....))).)))))..((((((((((((((((((((((((....)))))))))))))).))))))))))...(((((......)))))((((((((((....))))))))))...((((....))))..)))))..))))).((((.(((.(((....)))))))))).(((((((((....))))).)))).)))).))).))))...')]",1,0
389,0.2414139577122918,4017.420866727829,(((((((((((((((.(((((.((.....)).((.....)).((.....)).((.....)).((.....)).))))).(((.....))).(((((.((.....)).((.....)).((.....)).((.....)).((.....)).))))).(((.....))).(((((.((.....)).((.....)).((.....)).((.....)).((.....)).))))).(((.....))).(((((.((.....)).((.....)).((.....)).((.....)).((.....)).))))).(((.....))).(((((.((.....)).((.....)).((.....)).((.....)).((.....)).))))).))))))))))))))),GCCGUGCAAGCUCUCGGCCUCACAAAACAUGAAGACAAACUAGCCAGAAGCCAGAACAACUCCAAAAAAUGAGAGGCAGCCGUCUAGGCAGGCUGCUAACAAGUAAUUCACAAAAAGCUACACGCCAUAAACCAUCUAAACAAUACCAGCCAGGCGAAAAGCCGGACCCAGCAAAAAGCGACAAAAAGUAGCAAAGAGCAACCGAGAGUAGCAAGAAGCAGGGUCAGUCGAUAAGACAGCUACAGUACUCAACACUAAUCCAGUCCGAAAAGGUCUUUCCAAGCGCACCCCGCAGUAGCAGACAAGAAGUCAGGUUCAUCCCCCAGACAGAAAAACUAGCCCCUUGCCAGCAAAACUAUCACAAAGACGAACCAGAGAGCUUGCACGGC,"['(((((((((((((((.(((((.((.....((.((.....((.((.....)).)).....)).)).....)).))))).(((.....))).(((((........((...........((.....))...........))........))))).(((.....))).(((((.((.....((.((.....((.((.....)).)).....)).)).....)).))))).(((.....))).(((((..................((.((.....)).))......(((.....))).))))).(((.....))).(((((.((.....((.((.....((.((.....)).)).....)).)).....)).))))).)))))))))))))))', -98.9000015258789]",False,0.2078970138474036,"[(-98.9000015258789, '(((((((((((((((.(((((.((.....((.((.....((.((.....)).)).....)).)).....)).))))).(((.....))).(((((........((...........((.....))...........))........))))).(((.....))).(((((.((.....((.((.....((.((.....)).)).....)).)).....)).))))).(((.....))).(((((..................((.((.....)).))......(((.....))).))))).(((.....))).(((((.((.....((.((.....((.((.....)).)).....)).)).....)).))))).)))))))))))))))')]",1,0
389,0.1038619118908447,2982.8954861164093,(((..(((((((.....((((((...)))))).))))..((((((..(((...)))))).(((((...((((....))))....)))))..)))..)))..(((((((.....(((((....)))))......)))((((((((((...)))))(((((...)))))((((((((..(..(..(..(..(..((((....))))..).)..))..).))(((....)))..))))))...))))))))).(((((.((((......(((((((........((((.....))))))))...))).))))((((......((((((((....))))))..(((((...)).(((((...)))))..)))))....)))))))))...))),UAUCCUAAGCUCAAAAAGGCCCCAUGGGGGCCAGAGCAAUUACCGAAGGCUAAGCCCGGAGGGUGGGGCUGCGACUGCAGAAAACACCCAAUAAAAUUAAAGGGGGGCACACACAGAGAUUUCUCUGACAAAAGCCGGGUCCCACCCAUGGUGGCUCUCAAUGAGAGGGGCGGGCGAGAAGGAGAAGAACAAGCACGCAAGUGCAGGUCAACCAACAGCGGCAGAAGCCAACCGCCCAUAGACCCCCCCAGCAGCAGAGGACCAACGGCCUGGAAUAACCUUCGCAAUCCGCGACCAGAAAGCCACCUCCCCCGACAAACGGACCGGUCUGCCGGUCAACCCGGAAACCCGAUUCAUAGAAUCCCGGGCGAAAAGGGGGCUGCAAAAUA,"['........((((.....((((((...)))))).)))).....(((..(((...)))))).(((((...((((....))))....)))))............(((((((.....(((((....)))))......)))((((((((((...)))))(((((...)))))((((((((.....((....((.(..((((....))))..)))..))....))(((....)))..))))))...))))))))).(((((.((((......(((((((........((((.....))))))))...))).))))((((........((((((....))))))..(((((......(((((...))))))))))......)))))))))......', -143.5]",False,0.0944282381345759,"[(-143.5, '........((((.....((((((...)))))).)))).....(((..(((...)))))).(((((...((((....))))....)))))............(((((((.....(((((....)))))......)))((((((((((...)))))(((((...)))))((((((((.....((....((.(..((((....))))..)))..))....))(((....)))..))))))...))))))))).(((((.((((......(((((((........((((.....))))))))...))).))))((((........((((((....))))))..(((((......(((((...))))))))))......)))))))))......'), (-143.5, '........((((.....((((((...)))))).)))).....(((..(((...)))))).(((((...((((....))))....)))))............(((((((.....(((((....)))))......)))((((((((((...)))))(((((...)))))((((((((.....((....(.((..((((....))))..)))..))....))(((....)))..))))))...))))))))).(((((.((((......(((((((........((((.....))))))))...))).))))((((........((((((....))))))..(((((......(((((...))))))))))......)))))))))......')]",2,0
392,0.1170013179018711,9851.529270648956,((..(((((........(.((..((.(.....(....).((((((((.........((......((((.....))))......))...((..((.......(..(......)..)..((..((.....(....).((((.....(((.....(..((.(...).))..).....))).((((...(.......(..(.((...)).)..).......)...))))........)))).....((((((...)))))).))..))...........))..)).........(..((....)((((((.....(........).....))))))..)..)...))))))))........).))..)).).....(.......).)))))..)).,GCAACCCUCAAAAAAACUACCGACGCGAAAAAUAACCACGCCCGUGCGCAAAAAAAGCUAAAAACGUCACAAAGACGAAAAACGCAACCGACGCAAAAAAAAAAGAAAAAACAAUAAGGUGCCAAAAAUAAAAAAGUCCAAAAAGCGAACACCAAGCAGAUACAGCAAGAAACACGCAGGCCAAAGAAAAAAAGAACGGCAAAGCAGAACAAAAAAACAAAGGCCAAAAAAAAGGACAAAACGCCGGCACAGCCGGCAGGGACCCAAAAAAAUAAGCAACGGAAAAAAAAUAAUGAAUACGGCGGCCUUUUCUUUUCUCCGCAUUCGCCGCCGAAAAAAAAGCACGGGCAAAAACAACACGAAGGUAAAAAAUCAAAAACACGAGGGCGGCU,"['((..(((((........((((..((.(............((((((((((.......))......((((.....))))..........(((..((..........(......).....(((.((............((((.....(((........((.......))........))).((((..............(.((...)).)..............))))........)))).....((((((...)))))).)).)))...........))..))).................(((((((....................)))))))........))))))))........).))..))))...............)))))..)).', -80.0999984741211]",False,0.0960426062020762,"[(-80.0999984741211, '((..(((((........((((..((.(............((((((((((.......))......((((.....))))..........(((..((..........(......).....(((.((............((((.....(((........((.......))........))).((((..............(.((...)).)..............))))........)))).....((((((...)))))).)).)))...........))..))).................(((((((....................)))))))........))))))))........).))..))))...............)))))..)).')]",1,0
393,0.3252359866909071,3219.759070396424,(((((....)).((((((....)))..((((.((((..(((....)))(((.((....))(((...)))((....)).)))(((....)))..)))).((((..(((....)))(((.((....))(((...)))((....)).)))(((....)))..)))).((((..(((....)))(((.((....))(((...)))((....)).)))(((....)))..)))).((((..(((....)))(((.((....))(((...)))((....)).)))(((....)))..)))).((((..(((....)))(((.((....))(((...)))((....)).)))(((....)))..)))).))))..(((....)))))).((....))))),AUGCCGUAAGGGGCUCCGGACGCGGUUGCCGAACUCUUUCAUUAUUGACCGAGAAACAUCACGACUCGUGACACCUCGCGGUCGCCCACGAUUGAGUACACUUGCACAGGCGUGGCCCGUAAACACGAGCGGCUCGUUAAGACUGGCCACAAAGGUGAUAGUGACGUGAGUCACCCUUGAUUCUGACUCUUCUACUCAGUAGACUCUUCCGAAUCACUUAUGAAGCACGGGCAUAAUGGCUCGCCACGGUGUUUGAACAUGAUACAUGCUAUUGCCCCGUGGAUCUCCAGGAUGCAUUUUAACUCCCACGAGGCCACUUCUCAGCUCAUCGAGCUUUUCAGUGGCGGAUAUUUCCCAAAAAACGGCUACGCACGAGCGAGCGCCAUGAGGCAU,"['(((((.((.((.(((((....(((...((((.((((..((.....((((((.((....(((((...)))))....)).)))))).....))..)))).((((..(((....((((((.((....(((((...)))))....)).))))))....)))..)))).((((..(((....((((((.((....(((((...)))))....)).))))))....)))..)))).((((..(((....((((((.((.....((((...)))).....)).))))))....)))..)))).......(((....)))((((((....(((((...)))))....))))))(((....))).......))))..)))....).)))).)).)).)))))', -143.5]",False,0.3209007893564436,"[(-143.5, '(((((.((.((.(((((....(((...((((.((((..((.....((((((.((....(((((...)))))....)).)))))).....))..)))).((((..(((....((((((.((....(((((...)))))....)).))))))....)))..)))).((((..(((....((((((.((....(((((...)))))....)).))))))....)))..)))).((((..(((....((((((.((.....((((...)))).....)).))))))....)))..)))).......(((....)))((((((....(((((...)))))....))))))(((....))).......))))..)))....).)))).)).)).)))))')]",1,0
397,0.0192026038888268,2.8316538333892822,(....(((((...(((((...(((((....(((((...(((((...(((((..(((((....(((((...(((((...(((((..(((((...(((((...(((((..(((((...(((((..(((((..(((((..(((((..(((((.(((((.((((((((((.....))))).....))))).....))))).....))))).....))))).....))))).....))))).....))))).....))))).....))))).....))))).....))))).....))))).....))))).....))))).....))))).....))))).....))))).....))))).....))))).....))))).....))))).....).....,GACACGGCUCCCAGUUAGAAACGUGGAAUUCUUGCACACUCGCGUCGUGAGCACUGUCACAUCCGUCUAAGCACGAAACUCACUUGCUGCUAAGACAGUCUGGGAGCUUCAAGAACCUCUAAUGGCGCGGAUCGCCUUAGUGGAGUGCGCGCUACCCAGUUACACCAUCAAGGUGUUGCAGAACUGAACAUGUAGCUUUUACGCACGGAGACACUAUGUCCGCGAUAAAAGGCGCCUCAAAUAGAGCCACGCUUGACCUUCCUCCCUUUCUCUGUCGAUCCGCAGCCUCCCGUGAGGCGCGCGUGCCAACCGACGGCCCAAGACAGAACACCUCACCUUUGGCGAGCAAACGCAAGCUCCCCCACGACGGACUAACCAUCUGAGCCUUUAGCCUAGG,"['.....(((((...(((((...(((((....(((((...(((((...(((((..(((((....(((((...(((((...(((((..(((((...(((((...(((((..(((((...(((((..(((((..((((((.(((((..(((((.(((((.((((((((((.....))))).....))))).....))))).....))))).....))))).)...))))).....))))).....))))).....))))).....))))).....))))).....))))).....))))).....))))).....))))).....))))).....))))).....))))).....))))).....))))).....))))).....)))))...........', -131.89999389648438]",False,0.019430229426765,"[(-131.89999389648438, '.....(((((...(((((...(((((....(((((...(((((...(((((..(((((....(((((...(((((...(((((..(((((...(((((...(((((..(((((...(((((..(((((..((((((.(((((..(((((.(((((.((((((((((.....))))).....))))).....))))).....))))).....))))).)...))))).....))))).....))))).....))))).....))))).....))))).....))))).....))))).....))))).....))))).....))))).....))))).....))))).....))))).....))))).....))))).....)))))...........'), (-131.89999389648438, '.....(((((...(((((...(((((....(((((...(((((...(((((..(((((....(((((...(((((...(((((..(((((...(((((...(((((..(((((...(((((..(((((..(((((..(((((..(((((.(((((.((((((((((.....))))).....))))).....))))).....))))).....))))).....))))).....))))).....))))).....))))).....))))).....))))).....))))).....))))).....))))).....))))).....))))).....))))).....))))).....))))).....))))).....))))).....)))))...........')]",2,0
400,0.0156240559652585,981.6743652820588,................................................................................................................................................................................................................................................................................................................................................................................................................,ACAUAAAACAAAACCAACGAAGAACAAAAGAAAACAAAAACCAAACAACACAAACAAAAACAAGAAAAAACAACACAGAAACAUAACAAAAACAUACAACAAAUACAACUAAAAACAAAAACACCACCAAAAAAAAAAAAAACACAAACCAACAUAAUCCACAAAAAAUCCCUCACACCAUAAUCAACAAAAACAAAAAUAUCAAUAACCAACCAAAAACCCACCCAAACAAACAAAACAAAUAAACAAAACCCCAAUACACCAAAAAAACACGACACCAUUUAACACUGCCCAAUACCACAAACAACCAAUAACAAACAACCGAAAACAAUAGAGAAAAAAUAAAAACCAACAUAAGACACAAAAGAACAAAAAAUAAGAAAGAAGACCAGAUAGAUAA,"['................................................................................................................................................................................................................................................................................................................................................................................................................', 0.0]",True,0.0122649097964295,"[(0.0, '................................................................................................................................................................................................................................................................................................................................................................................................................')]",1,1
400,0.2739797181400367,3955.972583770752,.......((.........((.........((.........((.........((.........((.........((.........((.........((.........((.........((.........((.........((.........((.........((.........((.........((.........((.........)).........)).........)).........)).........)).........)).........)).........)).........)).........)).........)).........)).........)).........)).........)).........)).........)).........))......,ACCAACCGCACAAAAAAAGGGACAAUAAUCGCCGCCACUACACCAAACCCAGGACACCAUAAGGACUCGGAGGGACGCAACCCGAGGCCCCACUUGCCUACUCCAGGACCCACCCCCGCUCUACUUCCGCCUUUACUCAGGAUCACCGAGGACACAAAAAUGCCAUACAUAAGCAACCUAAAGAGAAAAAAAUCGCAACUGUCCAGCCCACCUAAACUCCGCAAUACGCCCCCACCAAGCCCAACUCAUUCCAAACACUUCCCCAAUCUCCGCUUUUCCUUCGCCAACACCUUUCCAAUCCAUUGCUUUCAUCCCCUCAACCAAAAUCCGUAAGAGUCCCACCUCAUUCCAAUCACAAGUGCUUAUCACCCGAAACCAAACCCAAAAACCAUGCCUCUCA,"['.......(((........(((.......(((.........(((........(((........((((((..(.(((........((((........((........(((.........((......(((...........))).......(((((......(((.........))).......((........)).....)))))................((.....)).......((((...............................)))).......)).........)))........))........))))........))).)..))))))........)))........))).........))).......)))........)))......', -41.16999816894531]",False,0.095165033034379,"[(-41.16999816894531, '.......(((........(((.......(((.........(((........(((........((((((..(.(((........((((........((........(((.........((......(((...........))).......(((((......(((.........))).......((........)).....)))))................((.....)).......((((...............................)))).......)).........)))........))........))))........))).)..))))))........)))........))).........))).......)))........)))......')]",1,0
400,0.0204809381289972,49.33100962638855,.....((((((((..((((....))))..((((....))))..((((....))))..((((....))))..)))))))).....((((((((..((((....))))..((((....))))..((((....))))..((((....))))..)))))))).....((((((((..((((....))))..((((....))))..((((....))))..((((....))))..)))))))).....((((((((..((((....))))..((((....))))..((((....))))..((((....))))..)))))))).....((((((((..((((....))))..((((....))))..((((....))))..((((....))))..)))))))).....,UUCAAGGACUCCACUUGCGCCCGCGCAUUUCGUGUUGACGACCGCCUCACUAGGCAAUAUCAUCUGAUAUAUGGAGUCCAAAUAGUGGUGUCGAGGAGUUUGCUCCAACCUCAUCCGAGGAGUGACCAGCGUCACGGUCGUUAUCGACAGGACACCACCUCUCGUCGCUGCAAGGGAUAACUCCCAAGCGCCCGUGCGCCCGCUGUACCCAGCCCCUCCUACCGGAGAAGCAGCGACUUACCGAGUGUGCCCCUGGACAUCCAGAUCUCCCGAAGGAGCAGGGCCUGAGCCCACGCCAUCAUUGGCAAGCACACUCAAACUGGGAUAGCACGAGCAAUAGCUCAUGGGCGUUAGCCCCCUCCCUACUGGGACACUGCAUCCGCAGACGCUAUCCCUCCUC,"['.....((((((((..((((....))))..((((....))))..((((....)))).(((((....))))).)))))))).....((((((((..((((....))))..((((....)))).(((((....))))).((((....))))..)))))))).....((((((((..((((....))))..((((....))))..((((....))))..((((....))))..)))))))).....((((((((..((((....))))..((((....))))..((((....))))..((((....))))..)))))))).....((((((((..((((....))))..((((....))))..((((....))))..((((....))))..)))))))).....', -171.89999389648438]",False,0.0190352742852284,"[(-171.89999389648438, '.....((((((((..((((....))))..((((....))))..((((....)))).(((((....))))).)))))))).....((((((((..((((....))))..((((....)))).(((((....))))).((((....))))..)))))))).....((((((((..((((....))))..((((....))))..((((....))))..((((....))))..)))))))).....((((((((..((((....))))..((((....))))..((((....))))..((((....))))..)))))))).....((((((((..((((....))))..((((....))))..((((....))))..((((....))))..)))))))).....')]",1,0
400,0.1551439555459612,512.6594483852386,(....)..(....(...(..(.(..(...(((.(((...((((....)))).(((((..(.(((..(.((((..(.((((..(.((((((((.((((((.(((((.((((.((((..((((...)))).))).)))))).))))).)))))).)))))))..).))))..).))))..).)))..).))))).)))...(((.(((((.(..(((.(..((((.(..((((.(..(((((((.((((((.(((((.((((((.(((.((((((....))))))..)))).)))).))))).)))))).)))))))).)..)))).)..)))).)..))).)..))))).((((....))))...))).)))...)..).)..)...)....)..(....),AUCCCUAUUCUCUUUCCUCCUCUCUUUCUUUUCUUUCAUCCGCGUCUGCGGCGGUAGCAUUGCCACACGCAGGACACGACUCGCGAUCAAGGAGAAGGCAGGCCCAGUCUACUGCGACCGCUCCGCGGGGCAUGAGACGCGGCCGUCCUUCCGCUUGAUCAACUGUCGCAGACUGCACUAGGCCUAUCUACCAAAAAAGGGCAGGACCUACCGCCAUCCGUGCUUACCCACACAACGGCUGGAGAGUGGCGCAGCGCGAACCGCUCUCUCAUCAGUCGAUGAGCUGAGGUGUUCUGGCUGACCCACUACCCAGCCGGGACGUGGAACCGCACCACCGGCAUCUGGUCCAGACGUCUACGUCAAAGCCCAAACAAAACAAAUAACACACCUCAUCACCACU,"['.......................................((((....)))).(((((....(((....((((....((((....(((((((..(((((..((((..((((..(((..((((...)))).)))..))))..))))..)))))..)))))))....))))....))))....)))....)))))......((((.(((((....(((....((((....((((....(((((((..(((((..((((..((((..(((.((((((....))))))..)))..))))..))))..)))))..)))))))....))))....))))....)))....))))).((((....))))...))))................................', -154.89999389648438]",False,0.1464675892115392,"[(-154.89999389648438, '.......................................((((....)))).(((((....(((....((((....((((....(((((((..(((((..((((..((((..(((..((((...)))).)))..))))..))))..)))))..)))))))....))))....))))....)))....)))))......((((.(((((....(((....((((....((((....(((((((..(((((..((((..((((..(((.((((((....))))))..)))..))))..))))..)))))..)))))))....))))....))))....)))....))))).((((....))))...))))................................')]",1,0
400,0.1313644966690129,7068.457712650299,..(.((..(((((....(((((......))))))))))((((...((((.....))))))))(((..(((....)))))).(((...((((...((((......))))))))(((..(((.....))))))((.((....)))).((((....(((..(((......))))))((.((.....))))(((....))).(((((.....((.((......))))(((.....)))((....)).((((((......(((......)))((.....))...(((((((...))))))).......))))))......))))).....))))....)))...))..)...(.((.((((....((....))((....))((((((...)))))).)))))).),AAUUUUAACCCGGUUACGGUUCAGGGCAGAACCCCGGGGGCGUACGCGGAUCAACCGCCGCCGGCAAGUCUAUUGACGCCAUGAAAUUCGACCCACGCUGUCAUGCGUUCGAGCGAAGGCAACAAGCCCGCCCAGGAAAUCCGGAUCAUAAAUGCCAAGCCAAAAGAGGCGGCCGAGCAAUAAGCCGCGGGAAACCGAUAUAAAUAAAGCAUGGAAAUACAGCGCCAAUAAGGCCCGAAAGGACCCCCCAAACAACUCAAUAUCGAGCCAAAAAGGAACGUGGCGCAUGGCGCCACCAAAAAAGGGGGGAAAAAAUUAUAAACACAUGACAAAUCAAAAAACAAAAAGAGCACCCCAAAACGGAAACGGCAAAAGCGACCUCGAGGAGGUCAGGGGGCUC,"['((((((..(((((....(((((......))))))))))((((...((((.....))))))))(((..(((....)))))).......((((...((((......))))))))(((..(((.....))))))((.((....)))).........(((..(((......))))))((.((.....))))(((....)))...........((.((......))))(((.....)))((....)).((((((......(((......)))((.....))...(((((((...))))))).......))))))..))))))..............................((((.((((....((....))((....))((((((...)))))).))))))))', -131.89999389648438]",False,0.0970963454181838,"[(-131.89999389648438, '((((((..(((((....(((((......))))))))))((((...((((.....))))))))(((..(((....)))))).......((((...((((......))))))))(((..(((.....))))))((.((....)))).........(((..(((......))))))((.((.....))))(((....)))...........((.((......))))(((.....)))((....)).((((((......(((......)))((.....))...(((((((...))))))).......))))))..))))))..............................((((.((((....((....))((....))((((((...)))))).))))))))')]",1,0
