puzzle_name,structure,rna,score,defect,mfe,hits,subopt,ties
Simple Hairpin,(((((......))))),AAAUGAAAAAACAUUU,0,0.2299215588253869,"['(((((......)))))', -0.20000000298023224]",True,3,0
Arabidopsis Thaliana 6 RNA - Difficulty Level 0,(((((((....(((...........)))((((((((..(((((((((((((((((((...(((((......))))).)))))).)))))))))))))..))))))))..))))))),UGAAAAAAAACGGUAAAAAAAAAAAACCUAUAAUAAAAAUAUUUAUUAUAUUAAUUAACAAAAAAAAAAAAUUUUUAUAAUUGAAUAUAAUAAAUAUAAUUAUUAUAAAUUUUUCA,0,0.1200875190306976,"['(((((((....(((...........)))((((((((..(((((((((((((((((((...(((((......))))).)))))).)))))))))))))..))))))))..)))))))', -18.600000381469727]",True,36,0
Prion Pseudoknot - Difficulty Level 0,((((((.((((....))))))).)))..........,UAGACUCAUUAAAAAUAAUAGUACUAAAAAAAAAAA,0,0.0519798888554754,"['((((((.((((....))))))).)))..........', -2.0999999046325684]",True,1,0
Human Integrated Adenovirus - Difficulty Level 0,((((((((((((((.((((((...........((((((((((((.....((((((((....(((((((((((((........))))))))))....))))))))....))))))....)))))...((((((.......))))))))))............)))))).))))....))))))...))))...,GUAUAUAAAUUAUUAAAAAAUAAAAAAAAAAAGUAGUUUCAAGGAAAAAGCUAAGUACAACGGAUUAAUAUAUUAAAAAAAAAAUAUAUUAAAAACUCCUACUUCAAAAGCCCUAAAAUGAAAAAAUAAAUAAAAAAAAUAUUUACUACAAAAAAAAAAAAAUUUUUAAAUAAAAAAUUUAUUAAAUACAAA,0,0.2326527588420451,"['((((((((((((((.((((((...........((((((((((((.....((((((((....(((((((((((((........))))))))))....))))))))....))))))....)))))...((((((.......))))))))))............)))))).))))....))))))...))))...', -16.899999618530273]",True,28,0
The Gammaretrovirus Signal - Difficulty Level 0,..(.(..((((((....))))))..).)......((((..(((.(((((((((....)))))....)))))))))))..((((((((....))))))))..,AAAAGAAAUUAUUAAAAAAUAAUAACUUAAAAAAUGUAACUCAAUAAUCAUGUAAAAACAUGUAAAAUUAUGAUACAAAUUUUUUAUAAAAAUAAAAAAAA,1,0.2428717700906638,"['..(((..((((((....))))))..)))......((((..(((.(((((((((....)))))....)))))))))))..((((((((....))))))))..', -9.199999809265137]",False,16,0
Saccharomyces Cerevisiae - Difficulty Level 0,(((((((((((........)))).((...............))....(((((.......))))))))))))....(((((((..((((........))))(((.............)))....(((((.......))))))))))))....(((((((..((((........))))((((((.......))))))....(((((.......))))))))))))....(((((((..((((........))))((((((.......))))))....(((((.......))))))))))))....(((((((..((((........))))((((((.......))))))....(((((.......))))))))))))....,AAUUGUGGCUUAAAAAAAAGAGUAGGAAAAAAAAAAAAAACCCGAAAUAUACAAAAAAAGUAUGCACAAUUAAAAAAAAAAUAUGAAUAAAAAAAAGUUCUGCAAAAAAAAAAAAAGCAAAAAUAAGCAAAAAAAGCUUAAUUUUUUAAAAAAUUAAUAACAUUAAAAAAAGGAUGGAAUUUAAAAAAAAAAUUUAAAAUAUACAAAAAAAGUAUAAUUAAUUAAAAAUCAUUAAAAUUGAAAAAAAACAAUAGAAAUAAAAAAAAUUUCUGAAAGAUCUAAAAGAAAGAUUUAAUGAUAAAAUUAGAUUCAUGGAAAAAAAAAUUCAGAUAACAAAAAAAGUUAUCAAAAAGUAAAAAAAAAUUACUAAUCUAAAAAA,0,0.2463425468198171,"['(((((((((((........)))).((...............))....(((((.......))))))))))))....(((((((..((((........))))(((.............)))....(((((.......))))))))))))....(((((((..((((........))))((((((.......))))))....(((((.......))))))))))))....(((((((..((((........))))((((((.......))))))....(((((.......))))))))))))....(((((((..((((........))))((((((.......))))))....(((((.......))))))))))))....', -35.5]",True,150,0
Fractal 2,.....((((((((...((((((((((..((((..........))))..((((..........))))..((((..........))))..))))))))))...((((((((((..((((..........))))..((((..........))))..((((..........))))..))))))))))...((((((((((..((((..........))))..((((..........))))..((((..........))))..))))))))))...)))))))).....,AAAAAAUUUUUUUAAAAUUAAAUAUUAAAAUGAAAAAAAAAACAUUAACUAAAAAAAAAAACUUAGAACAUUAAAAAAAAAAAAUGAAAAUAUUUAAUAAAUAAAAUUUAAAACAAUAAAAAAAAAAAUUGAAGUGAAAAAAAACAAUCACAAAAUCAAAAAAAAAAGAUUAAUUAAAUUUUAAAAUUUAUAAAUAAAAGAAAAAAAAAAAAUUCUAAGGAUAAAAAAAAAAAUCCAAGUAAAAAAAAAAAAUUACAAUAUUUAUAAAAAAAAAAAAAUAAAAA,0,0.2583696039176805,"['.....((((((((...((((((((((..((((..........))))..((((..........))))..((((..........))))..))))))))))...((((((((((..((((..........))))..((((..........))))..((((..........))))..))))))))))...((((((((((..((((..........))))..((((..........))))..((((..........))))..))))))))))...)))))))).....', -15.800000190734863]",True,53,0
G-C Placement,((((...)))).,GUAUAAAAUACA,0,0.222011068852007,"['((((...)))).', -0.4000000059604645]",True,3,0
The Sun,(((.(((((((...))))..))))))...(((.(((((((...))))..))))))...(((.(((((((...))))..))))))...(((.(((((((...))))..))))))...(((.(((((((...))))..))))))...(((.(((((((...))))..))))))...(((.(((((((...))))..))))))...(((.(((((((...))))..))))))...(((.(((((((...))))..)))))),UGGAGUUAUAAAAAUUAUUAGAUCCAAAAAACUAUUGUGCAAAGCACAAGAUGUUAAAUCUAGACCAGUAAAAUUGUUGUCAGAAAGCACUCACGUCAAUAUGACCAGUGGUGAAACAUGUCUCUAUAAAAUAGCAAGAAUGAAAGUGCACGAUCCAAAGGAUACCGUUACAAAACUAGGUUGGUGAAACCAGAACCAGUAACCGAAUCAUCGUAAAACGAACUGAUCGAAAGGUAGAUUGCUAAAAGCAUAAUCACC,1,0.3134258389248208,"['((((...((((...))))....))))...(((..((((((...))))))...)))...(((.(((((((...))))..))))))...(((.(((((((...))))..))))))...(((.(((((((...))))..))))))...(((.(((((((...))))..))))))...(((.(((((((...))))..))))))...(((.(((((((...))))..))))))...(((.(((((((...))))..))))))', -43.900001525878906]",False,314,0
Frog Foot,..........((((....))))((((....))))((((...)))),AAAAAAAAAAACAUAAAAAUGUCUCUAAAAAGAGUGGAAAAUCCA,0,0.1023573374685171,"['..........((((....))))((((....))))((((...))))', -4.300000190734863]",True,6,0
InfoRNA test 16,((((((.((((((((....))))).)).).)))))),AUAAAUAGGUGAAAUAAAAAUUUCGACACAAUUUAU,0,0.1415234276674313,"['((((((.((((((((....))))).)).).))))))', -3.799999952316284]",True,4,0
Mat - Martian 2,((((....))))...(((((((..(((((((.......))))))))))))))...((((((((......(((((((.(((((((.......))))))))))))))...((((((((((((((.......))))))).)))))))......))))))))...((((((((((((((.......)))))))..)))))))...((((....)))),AGUAAAAAUACUAAAUUAUAUUAAUUAUAUAAAAAAAAUAUAUAAAAUAUAAAAAAUAAAUAAAAAAAAAUAUAUAAGUUAUUAAAAAAAAUAAUAACUAUAUAUAAAAUAUUAUAUAUUAUAAAAAAAAUAAUAUAAUAAUAUAAAAAAUUAUUUAUAAAAAUAAACAAAUUUAAAAAAAAUAAAUUUAAGUUUAUUAAAAAUCAAAAGAUU,0,0.1102943841874148,"['((((....))))...(((((((..(((((((.......))))))))))))))...((((((((......(((((((.(((((((.......))))))))))))))...((((((((((((((.......))))))).)))))))......))))))))...((((((((((((((.......)))))))..)))))))...((((....))))', -25.600000381469727]",True,80,0
square,((((((((((((((((((((((((((...))))))....)))))))....))))))....))))))),CUAAAAAUUUUACUAAUUAUUUAUACAAAGUAUAAAAAUAUAAUUAUAAUGUAAAAAAAUUUUUUAG,0,0.1020303228507164,"['((((((((((((((((((((((((((...))))))....)))))))....))))))....)))))))', -7.900000095367432]",True,2,0
Six legd turtle 2,.....((...((....))...((....))...((....))...((....))...((....))...((....))...))....................,AAAAAGCAAAGCGAAAGCAAAGGAAAACCAAAGCAAAAGCAAAGCAAAAGCAAAGGAAAACCAAACCAAAAGGAAAGCAAAAAAAAAAAAAAAAAAAA,0,0.0760941187620909,"['.....((...((....))...((....))...((....))...((....))...((....))...((....))...))....................', -7.5]",True,2,0
Small and Easy 6,(((((.....))..((.........))))),GAUGGAAAAACCGACCGAAAAAAAAGGAUC,1,0.3296850370794,"['...((.....))..((.........))...', -0.5]",False,10,0
Fractile,............((....))...((...((....))..((...((....))...))..((....))...))..((....))........................,AAAAAAAAAAAACCAAAAGGAAACCAAAGGAAACCCAACCGAAUGAAAACAAAAGGAGCUAAAAAGCCAGGAACGGAAACGAAAAAAAAAAAAAAAAAAAAAAAA,1,0.1672725391588246,"['............((....))...((...((....))..((...((....))...)).(((....)))..))..((....))........................', -3.299999952316284]",False,43,0
Six legd Turtle,.....((....((....))....((....))....((....))....((....))....((....))....((....))....))....................,AAAAAGCAAAAGCAAAAGCAAAAGGAAAACCAAAACCAAAAGGGAAAGCAAAAGCAAAAGCAAAAGCAACACCAAAAGGAAAAGCAAAAAAAAAAAAAAAAAAAA,0,0.1104257210249638,"['.....((....((....))....((....))....((....))....((....))....((....))....((....))....))....................', -7.199999809265137]",True,5,0
snoRNA SNORD64,((((((.....(((....(((...(((((.............)))))....)))..)))..)))))),AGUUAUAAAAAAAGAAAAGUAAAAUUAACAAAAAAAAAAAAAGUUAAAAAAUACAACUUAAAUAACU,0,0.2755818181511524,"['((((((.....(((....(((...(((((.............)))))....)))..)))..))))))', -1.0]",True,8,0
Chalk Outline,.....((((.(((((....)).))).(((.(((....)))))).((((((....)).)))).(((((....))).)))))).......................,AAAAAGAAUAAUGGAAAAAUCACAUAAGAUCUAAAAAUAGUCUAUAAGGUAAAAACUCUUAAUCUGAAAAAUCACGAAUUCAAAAAAAAAAAAAAAAAAAAAAA,0,0.1600508076181545,"['.....((((.(((((....)).))).(((.(((....)))))).((((((....)).)))).(((((....))).)))))).......................', -4.800000190734863]",True,6,0
InfoRNA bulge test 9,(((((((.(.(.(.(((((((....))))))))))))))))),UAUUAAUAGAGACAUAUAAAAAAAAUUUUAUAGCCAUUAAUA,0,0.1383219161058181,"['(((((((.(.(.(.(((((((....)))))))))))))))))', -2.9000000953674316]",True,8,0
Tilted Russian Cross,.....((((((((....))))((((.((((....))))(((((....))))).((((....))))))))((((....))))))))....................,AAAAAUGAGGUGUAAAAACACGAGACGGAUAAAGGUCCACAGUAAAAAUUGUCACUUAAAAAAGUUCUCUGAAAAAAUUCACUCAAAAAAAAAAAAAAAAAAAAA,0,0.0979587886666609,"['.....((((((((....))))((((.((((....))))(((((....))))).((((....))))))))((((....))))))))....................', -14.0]",True,6,0
This is ACTUALLY Small And Easy 6,................................................................................................................................................................................................................................................................................................................................................................................................................,AAAAAAAAAAAAAAAAAAAAAAAAAAAAAAAAAAAAAAAAAAAAAAAAAAAAAAAAAAAAAAAAAAAAAAAAAAAAAAAAAAAAAAAAAAAAAAAAAAAAAAAAAAAAAAAAAAAAAAAAAAAAAAAAAAAAAAAAAAAAAAAAAAAAAAAAAAAAAAAAAAAAAAAAAAAAAAAAAAAAAAAAAAAAAAAAAAAAAAAAAAAAAAAAAAAAAAAAAAAAAAAAAAAAAAAAAAAAAAAAAAAAAAAAAAAAAAAAAAAAAAAAAAAAAAAAAAAAAAAAAAAAAAAAAAAAAAAAAAAAAAAAAAAAAAAAAAAAAAAAAAAAAAAAAAAAAAAAAAAAAAAAAAAAAAAAAAAAAAAAAAAAAAAAAAAAAAAAAAAAAAAAAAAAAAAAAAAAAAAA,0,0.0,"['................................................................................................................................................................................................................................................................................................................................................................................................................', 0.0]",True,1,0
Shortie 4,((....)).((....)),GCAAAAGCACCGAAAGG,0,0.1133080283207803,"['((....)).((....))', -1.5]",True,3,0
Shape Test,.....(.((((..(((((........)))))..(((.(((.(((((.....))))).((((....)))).))))))..)))).)....................,AAAAAGAGUUCAAUUAAGAAAAAAAACUUAAAAUAGUGGAAUAAUUAAAAAAAUUAAACUUAAAAAAGUAUCCCUAAAGAACCCAAAAAAAAAAAAAAAAAAAA,0,0.1309994331225458,"['.....(.((((..(((((........)))))..(((.(((.(((((.....))))).((((....)))).))))))..)))).)....................', -5.199999809265137]",True,8,0
The Minitsry,(((.....(((.....(((.....(((.....(((........))).))).))).))).))),GCCAAAAAGAGAAAAAUCCAAAAAUCGAAAAAUGCAAAAAAAAGCAACGAAGGAACUCAGGC,0,0.2128236545042135,"['(((.....(((.....(((.....(((.....(((........))).))).))).))).)))', -3.5]",True,5,0
stickshift,..((((((((.....)).))))))..,AAAUUUAACAAAAAAUGCUUAAAUAA,0,0.1673548977131977,"['..((((((((.....)).))))))..', -0.699999988079071]",True,2,0
U,.....(((((.(.(.((.(.(((((((((....))))))))))))))))))).....,AAAAACUAAUAGACAUACGAUUUUUUUAUAAAAAUAAAAAAACUAGCAUUAGAAAAA,0,0.1679894294338871,"['.....(((((.(.(.((.(.(((((((((....))))))))))))))))))).....', -3.4000000953674316]",True,10,0
Still Life (Sunflower In A Vase),...((((..(((((.....)))))..(((((...)))))..(((((.....)))))..(((((...)))))..(((((.....)))))..(((((.....))))).((((((((((((((((((((((((((((......))))).(((((.............((((.........................................)))).............)))))(((((....))))).)))))))))))))))))))))))..(((((.....)))))..(((((.....)))))..(((((.....)))))..(((((.....)))))..(((((....)))))..(((((.....))))).))))...,AAAUUAUAAUCAAUAAAAAAUUGAAAGAAUUAAAAAUUCAAAAUAAAAAAAUUGUUAAUUUGUAAAACAAAAAAUUUUAAAAAGAAAUAAAUAAUAAAAAAUUAUAAUAAUAAUUUAAAUUAUAAAUUCAAUUAAAAAAAUAAUUAAACCAAAAAAAAAAAAAAGUAAAAAAAAAAAAAAAAAAAAAAAAAAAAAAAAAAAAAAAAAAAUUACAAAAAAAAAAAAAUGGUUGUGAAAAAAUUCACAGAAUUUAUAAUUUAAAUUAUUAUAAGUUAUAAAAAAUAAUAAAUUAUAAAAAAUAAUAAAUUUAAAAAAUAAAUAAAUUUCAAAAAGAAAUAAAUAAUAAAAAUUAUACGAUAAAAAAAUUAUCAAUAAAAA,0,0.2050728042011979,"['...((((..(((((.....)))))..(((((...)))))..(((((.....)))))..(((((...)))))..(((((.....)))))..(((((.....))))).((((((((((((((((((((((((((((......))))).(((((.............((((.........................................)))).............)))))(((((....))))).)))))))))))))))))))))))..(((((.....)))))..(((((.....)))))..(((((.....)))))..(((((.....)))))..(((((....)))))..(((((.....))))).))))...', -36.66999816894531]",True,248,0
Quasispecies 2-2 Loop Challenge,.....((((((((..((((....))))..)))).((((..(...)..)))).((((..(..(((.....)))..)..))))))))....................,AAAAACUAGUAGUAAUCUAAAAAUAGAAAACUAAGUUCAGCAAAGGAGAACAUAAGAACAAGCAAAAAAUGUAAGAACUUACUAGAAAAAAAAAAAAAAAAAAAA,1,0.2152828157617648,"['.....((((((((..((((....))))..)))).((((.........)))).((((..(..(((.....)))..)..))))))))....................', -8.199999809265137]",False,29,0
Corner bulge training,.(((((((((((...)))))....)))))).,AUUCAUAAAUAUAAAAUAUUAAAAUAUGAAA,0,0.2055446268232018,"['.(((((((((((...)))))....)))))).', -2.0]",True,5,0
Spiral,.....((((.((((((.(((.(((((.((((.((((.((.((.((.((.((.((.....)))))))))))))))))))))))))))))))))))))).....,AAAAAAACAAUGUUAUGAGUAUAUAACAAAUUGUCGAGUUACAUGAGUAUGACUAAAAAAGCAACCGGUACCGAUAUUUUUAUAACUAUAACGUGUUAAAAA,0,0.1542211337787854,"['.....((((.((((((.(((.(((((.((((.((((.((.((.((.((.((.((.....)))))))))))))))))))))))))))))))))))))).....', -15.600000381469727]",True,60,0
InfoRNA bulge test,.............................((((......((((....((((...((((..((((.((((.....)).)).)).))..)).))...)).)).....)).))......)).)).,AAAAAAAAAAAAAAAAAAAAAAAAAAAAAAGCCAAAAAAGCUGAAAAGGAUAAAGGAGAAAUCAAGAGUAAAAAACAUCAUGCAUAACUACCAAAGUACCAAAAACACGCAAAAAAGGACUA,0,0.1277066916704214,"['.............................((((......((((....((((...((((..((((.((((.....)).)).)).))..)).))...)).)).....)).))......)).)).', -4.400000095367432]",True,10,0
Worm 1,.......(.(.(.(.(.((.((.(....).)).)).).).).).),AAAAAAAACGAGAGUCAGCAAUACGAAAGAAUAGCAGUCACAUGU,1,0.2758720583863487,"['.......(((.(.(.(.((.((.(....).)).)).).).).)))', -0.4000000059604645]",False,16,0
just down to 1 bulge,.....((((.(((((....))))).(((....))).)).))....((((.(((....))).(((....))).))))....................,AAAAAGCGGAAGUAUAAAAAUACUAGAGAAAACUCACCAGCAAAACAUCAGUGAAAACACAGAGAAAACUCAGAUGAAAAAAAAAAAAAAAAAAAA,0,0.0508915818297111,"['.....((((.(((((....))))).(((....))).)).))....((((.(((....))).(((....))).))))....................', -9.300000190734863]",True,1,0
Iron Cross,.(((.(((...(((.(((...))).(((....))).)))...(((.(((....))).(((...))).)))...(((.(((....))).(((...))).)))...))).(((...))).)))..,AGCUAGACAAAGGCAAGGAAACCUAAACAAAAGUUAGCCAAACCCAGAAAAAAUUCAGGUAACGCCAGGGCAAGGGACACAAACGUGAGUGAAACACACCCAAAGUCAACCAAAGGUAAGCAA,0,0.3428312727920964,"['.(((.(((...(((.(((...))).(((....))).)))...(((.(((....))).(((...))).)))...(((.(((....))).(((...))).)))...))).(((...))).)))..', -14.300000190734863]",True,73,0
loops and stems,.....(((((((...((((...((((...((((.........(((((............)))))...))))....((((..........))))...))))...(((........)))...))))..((......))...))))))).....,AAAAAUAUUUAUAAAAGACAAAGGUAAAAAGCAAAAAAAAAAUUUCAAAAAAAAAAAAAUGAAAAAAUGCUAAAAAUUGAAAAAAAAAACAAUAAAUACCAAAAUGAAAAAAAACAUAAAGUCUAAUCGAAAAAGAAAAAUAAAUAAAAAA,0,0.1882308287937242,"['.....(((((((...((((...((((...((((.........(((((............)))))...))))....((((..........))))...))))...(((........)))...))))..((......))...))))))).....', -3.9000000953674316]",True,15,0
Water Strider,.....((.((..(((((.(((....)))(((....)))))).....((((((....)))(((....))).)))))..)).)).....................,AAAAAAAAGUUUUACUCAGCCAAAAGGCAGGAAAACCUGAGGAAAUGGGAGCGAAAGCUAGGAAAACCUACCCUAAAAUUUUAAAAAAAAAAAAAAAAAAAAA,1,0.245550992213357,"['.....((((((((((((.(((....)))(((....)))))).....((((((....)))(((....))).)))))))))))).....................', -14.5]",False,12,0
The Turtle(s) Move(s),...((....))....(((((((((.........)))))))))....((((.....)))).....(((....)))...(((((.......)))))....(((...((....)).....(((....)))....((((((.......))))))....(((....))).....((((((....(((.......)))..(((........)))...(((((......)))))...((((.....))))..)))))).........((....)).....((....))......(((((..........)))))......))),AAGAUAAAAGUAAAAUUAAAAAUUAAAAAAAAAAAUUUUUAAAAAAGUGGAAAAAUCACAAAAAGCAAAAAUGCAAAAUUGGAAAAAAACCAAUAAAAACCAAACGAAAACGGAAACUCCAAAAGGAUAACUAUAUAAAAAAAAUAUAUAAAAAUGAAAACUCAAAAAAUUACAUAAAAUGCCAAAAAAGCAAAUCUAAAAAAAAAGAAAAUUAAAAAAAAAUUUAAAAAAUACAAAAAGUAUAAAUGUAAAAAAAAAAAGGAAAACCAAACAGCAAAAGCAAAAAACCUUAAAAAAAAAAAUAAGGCAAAAGGGU,1,0.1541741042272008,"['...............(((((((((.........)))))))))....((((.....)))).....(((....)))...(((((.......)))))....(((...((....)).....(((....)))....((((((.......))))))....(((....))).....((((((....(((.......)))..(((........)))...(((((......)))))...((((.....))))..)))))).........((....)).....((....))......(((((..........)))))......)))', -23.700000762939453]",False,125,0
Adenine,(((((.((((((.((((((.((((((.((((((.((((((....((((((......)))))).)))))).(((((...(((((((...)))))))))))).)))))).((((((((((((...)))))))...))))).))))))....))))))....))))))....))))),UCAAAAAUAAUUAAUAUUUAUGGGUUAUUUGCUAUAAAGUCAAAUUAUUUAAAAAAAAAUAAAACUUUAAGGUAUGAAAUGUUAAAAAUUAAUAUAUAUCAAGCAAAAAAUAUAUUUAAGAAACUUAAAUCAAAUAUUAAACCUAAAAAAAAUAUAAAAAAUUAUAAAAUUUGA,0,0.2676819827590089,"['(((((.((((((.((((((.((((((.((((((.((((((....((((((......)))))).)))))).(((((...(((((((...)))))))))))).)))))).((((((((((((...)))))))...))))).))))))....))))))....))))))....)))))', -16.299999237060547]",True,59,0
Tripod5,..((((((((.....))))((((.....))))))))..,AAUGGAAACAAAAAAUGUUUAGAAAAAAUCUAUCCAAA,0,0.2012624665516618,"['..((((((((.....))))((((.....))))))))..', -2.5]",True,6,0
Shortie 6,((....)).((....)).((....)).((....)),GCAAAAGCAGGAAAACCACCAAAAGGACCGAAAGG,0,0.1799342104824167,"['((....)).((....)).((....)).((....))', -2.0999999046325684]",True,10,0
Runner,.....((((.((((.....((((...)))).))))...(((..((((((...)))...)))((((((...)))...))).)))...(((...(((....))).))).)))).....,AAAAAAACUAGGGUAAAAAAUCUAAAAGAUAACCCAAAGACAAGGCCGUAACACGUAAGCCGCCGCUAAAAGCCAAGGCAGUCAAAGAUUAUCUGUAAACAGCAUCAAGUUAAAAA,0,0.1689262939294106,"['.....((((.((((.....((((...)))).))))...(((..((((((...)))...)))((((((...)))...))).)))...(((...(((....))).))).)))).....', -15.600000381469727]",True,14,0
Recoil,.....(((((..((..((..(((..(((..((..((...)).)).))).))).)).)).))))).....................,AAAAAACUAUAACAAACUAAUCUAAUUGAACCAAGCAAAGCAGGACAAAGGAAAGAUGAAUAGUAAAAAAAAAAAAAAAAAAAAA,0,0.2385428146015358,"['.....(((((..((..((..(((..(((..((..((...)).)).))).))).)).)).))))).....................', -2.200000047683716]",True,21,0
[CloudBeta] An Arm and a Leg 1.0,.....(((.(((((....)).)))(((.((....))))).)))....................,AAAAAAGCAUCGAGAAAACUACGAAGAACAAAAAUGUCUAGCUAAAAAAAAAAAAAAAAAAAA,0,0.0996493343308928,"['.....(((.(((((....)).)))(((.((....))))).)))....................', -2.4000000953674316]",True,7,0
[CloudBeta] 5 Adjacent Stack Multi-Branch Loop,(((((((((....))))(((((....)))))(((((....)))))((((....))))))))).,UAUCACUUAAAAAUAAGUAAUGAAAACAUUAAAUUUAAAAGAAUUAUAGAAAACUAUUGAUAA,0,0.2413714815495648,"['(((((((((....))))(((((....)))))(((((....)))))((((....))))))))).', -3.5]",True,7,0
Triple Y,.....((((((((((((....))))((((....))))))))((((((((....))))((((....))))))))))))....................,AAAAAGGAAGACUCAGAAACAUCUGACAAGAAAUUGUAGUCCCAUGUAUAAAAAUACAAACGAAAGUUUAUGGUUCCAAAAAAAAAAAAAAAAAAAA,0,0.1869352449458872,"['.....((((((((((((....))))((((....))))))))((((((((....))))((((....))))))))))))....................', -10.300000190734863]",True,15,0
Misfolded Aptamer,((((......(((((...))).((....)).........)).....)))),ACCUAAAAAGGACCGAAACGGGGCGAAAGCAAAAAAAAUUCCAAAAAGGU,1,0.1878132969799053,"['((((.....((((((...))).((....)).........)))....))))', -6.099999904632568]",False,5,0
Flower power,.....((((((((...)))).((((((((...))))..((((...))))..((((...)))))))).((((...))))))))....................,AAAAAAUACGAUCAAAGAUCCUAGGUCAUAAAAUGAAAGAGAAAAUCUCAUACUGAAACAGUCCUAAAGGUAAAACCUGUAUAAAAAAAAAAAAAAAAAAAA,0,0.1376105575056957,"['.....((((((((...)))).((((((((...))))..((((...))))..((((...)))))))).((((...))))))))....................', -10.5]",True,10,0
Kudzu,.....(((.(..(.(((((.((((.((...)))).))))((((((...)).))))..(((...)))...))).)..).)))....................,AAAAAUAAGGAAGAGUGGCAUCUCAGGAAACCGACGAGCGAAGCCAAAGGACUUCUGUUGAAACAACCACACACAACUUUAAAAAAAAAAAAAAAAAAAAA,1,0.3042958712697017,"['.....(((((..(.(((((.((((.((...)))).))))((((((...)).)))).((((...))))..))).)..)))))....................', -11.0]",False,21,0
"1,2,3and4bulges",.....((((.(((((....))....))).(((....))).)).))....((((.(((....)...)).(((....))).))..))....................,AAAAACCCCACACCCAAAAGGAAAAGUGAGCUAAAAAGCAGGAGGAAAGAUGCACCGGAAACCUAGGAGAUAAAAAUCAGCACAUGAAAAAAAAAAAAAAAAAAA,1,0.2763872814195077,"['.....((((.(((((....))....))).(((....))).)).)).....(((.((.........)).(((....))).))).......................', -5.699999809265137]",False,41,0
medallion,((((((.((((((....)))))).(((....))).(((....))).((((((....)))))).(((....))).((((((....)))))).(((....))).(((....))).((((((....)))))).(((....))).((((((....)))))).(((....))).(((....))).((((((....)))))).(((....))).((((((....)))))).(((....))).(((....))).((((((....)))))).(((....))).((((((....)))))).(((....))).(((....))).((((((....)))))).)))))),AUUAUAAAAUUAUAAAAAUAAUUAGUAAAAAUACAACUACAAAGUAAAAUUUAAUAAAAUUUAUGUAAAAACAAAAAAAAACAAUUUUUUACCUAACAAGGAUUCAAAAGAAAUUUAAUAAAAAUUAAAAGAAAAAAUUCAAAUUUUAAAAAAAAUUAAACAAAAGUUCGAUAAAAAUCAGUAAAAAAAAUUUUACAUGUAAAAACAAUUUAAUAAAAAUUAAAAUUCAAAAGAAAAACAAAAGUUAUAAAUAAAAAUAUUUAAAUCAAAAGAUAUAUUUAAAAAUAAAUAAAGAAAAAUCUAUUCAAAAGAAAUUUAAAAAAAUUUAAAAUAUAAU,0,0.3019746095767425,"['((((((.((((((....)))))).(((....))).(((....))).((((((....)))))).(((....))).((((((....)))))).(((....))).(((....))).((((((....)))))).(((....))).((((((....)))))).(((....))).(((....))).((((((....)))))).(((....))).((((((....)))))).(((....))).(((....))).((((((....)))))).(((....))).((((((....)))))).(((....))).(((....))).((((((....)))))).))))))', -19.200000762939453]",True,843,0
[RNA] Repetitious Sequences 8/10,.((......((......))......((......((......))......((......))......))......)).....,ACCAAAAAACCGAAAAAGGAAAAAAGCAAAAAAGCGAAAAAGCAAAAAAGGAAAAAACCAAAAAAGCAAAAAAGGAAAAA,1,0.1113969016553269,"['.((......((......))..............((......))......((......))..............)).....', -3.799999952316284]",False,7,0
Documenting repetitious behavior,.......((.........((.........((.........((.........((.........((.........((.........((.........((.........((.........((.........((.........((.........((.........((.........((.........((.........((.........)).........)).........)).........)).........)).........)).........)).........)).........)).........)).........)).........)).........)).........)).........)).........)).........)).........))......,AAAAAAAGCAAAAAAAAAGCAAAAAAAAAGGAAAAAAAAAGGAAAAAAAAAGGAAAAAAAAAGGAAAAAAAAAGCAAAAAAAAAGGAAAAAAAAAGGAAAAAAAAAGGAAAAAAAAAGGAAAAAAAAAGGAAAAAAAAAGGAAAAAAAAAGGAAAAAAAAAGGAAAAAAAAAGGAAAAAAAAAGCAAAAAAAAACCAAAAAAAAAGGAAAAAAAACGCAAAAAAAAACCAAAAAAAAACCAAAAAAAAACCGAAAAAAAACCAAAAAAAAACCAAAAAAAAACCAAAAAAAAACCAAAAAAAAACCAAAAAAAAACCAAAAAAAAAGCAAAAAAAAACCAAAAAAAAACCAAAAAAAAACCAAAAAAAAACCAAAAAAAAAGCAAAAAAAAAGCAAAAAA,0,0.0417049682275306,"['.......((.........((.........((.........((.........((.........((.........((.........((.........((.........((.........((.........((.........((.........((.........((.........((.........((.........((.........)).........)).........)).........)).........)).........)).........)).........)).........)).........)).........)).........)).........)).........)).........)).........)).........)).........))......', -4.699999809265137]",True,14,0
7 multiloop,(((((((((....)))))(((((....)))))(((((....)))))(((((....)))))(((((....)))))(((((....))))))))),UCAAGAAAUAAAAAUUUCAUAUGAAAACAUAUUAUAUAAAAAUAUAAAAGAAAAAUCUUUGCAAAAAAAUUUGUUACUAAAAAUAGUAUUGA,0,0.1036865496930549,"['(((((((((....)))))(((((....)))))(((((....)))))(((((....)))))(((((....)))))(((((....)))))))))', -9.899999618530273]",True,6,0
Kyurem 7,.....((((((((((....)))(((....((((.(((.....))).((((((......)))...))))))))))))).))))....................,AAAAAUUUUAGUUCCAAAAGGGGGAAAACUACCUGACGUAAAGUUGAGCUCUGAAAAAAGAAAAGCUGGUAUCCGCUAAAAAAAAAAAAAAAAAAAAAAAAA,1,0.264324694778873,"['.....((((((((((....)))(((....((((.(((.....))).((((((......)))...))))))))))))))))).....................', -11.199999809265137]",False,18,0
JF1,(((((((((((.(((((..(((((....((((((..(((((...(((((..((((((.((((((((((((((....))))))))))))))..(((....))).(((((((((....)))))))))..(((((....))))).)))))).))))).))))).))))))...((((((((.....))).)))))..((((((((((((((((((((((((....)))))))))))))).))))))))))...(((((......)))))((((((((((....))))))))))...((((....))))..)))))..))))).((((.(((.(((....)))))))))).(((((((((....))))).)))).)))).))).))))...,AAUUGAUGUAAAAAUAACAUUUCUAAAAUAUUAAACUUUUAAAAAUUAAAAUGUAAGAAUAUAUAAAUAAAAAAAAUUUUAUUUAUAUAUAAAUCAAAAGAUAAAUUAUUAUAAAAAUAAUAAUUAAACAUAAAAAUAUGUCCUUACAAUUAAUAUAAAAAUUAAUAAAAUAAAAUGGAAAAACUACUUUUAAAUUUUUAUAUAAAUUUAUUAUAUUUAAAAAAAUAUAAUAAAUUAUAUAUAAAAAAAAUAAUAAAAAAAUAUUAAUAAUAAAAAAAAAUUUUUAUUAUAAAAUCUAAAAAGAUAAAGAGAAUUUAUUAAAGAAUGAUACAAAAAUGUUCGUCUUAACUUAUUAAAAAAUUAAUAAAGUAUUACAAUCUAAUUAAA,0,0.1957933302558516,"['(((((((((((.(((((..(((((....((((((..(((((...(((((..((((((.((((((((((((((....))))))))))))))..(((....))).(((((((((....)))))))))..(((((....))))).)))))).))))).))))).))))))...((((((((.....))).)))))..((((((((((((((((((((((((....)))))))))))))).))))))))))...(((((......)))))((((((((((....))))))))))...((((....))))..)))))..))))).((((.(((.(((....)))))))))).(((((((((....))))).)))).)))).))).))))...', -57.79999923706055]",True,658,0
multilooping fun,((.(..(.(....).(....).)..).(....).)),GCAGGACGGGAAACGGGAAACGGGACAGGAAACAGC,1,0.3579991075338077,"['...(..(.(...........).)..)..........', -1.399999976158142]",False,4,0
Multiloop...,((((.((((.(((....))).(((....))).(((....))).(((....))).(((....))).(((....))).)))).(((((......)))))(((....))))))),AGCUAAUCCAUUCAAAAGAAAGAAAAAAUUCAGUUAAAAAACACUAAAAAUAGAACUAAAAAGUAUACAAAAGUAAGGAUAUGAAAAAAAAAUUUCAAGCAAAAGCUGGCU,0,0.206800311166054,"['((((.((((.(((....))).(((....))).(((....))).(((....))).(((....))).(((....))).)))).(((((......)))))(((....)))))))', -8.100000381469727]",True,86,0
hard Y,.....((((((.((((((((....))))))).)))((((((((((....)))))))))))))).....,AAAAAUCUCAGACAUAAUAAAAAAUUAUUGUUGCUUAUUAUUUAAAAAAUUAAAUAAUAGAGAAAAAA,1,0.1256116095018788,"['.....((((((..(((((((....)))))))..))((((((((((....)))))))))))))).....', -9.199999809265137]",False,7,0
Mat - Elements & Sections,.....((((.(...(.((((.(.((((.((.((((.((.(((....))).).)))))).)))))....).)))).)...).))))....................,AAAAAAAACAGAAACAUGAUACAUUAGCACGCACGUGGAUUCAAAAGAAACGCCGUGGAUCUAAAAAAGAAUCAAGGAGCAGUUUAAAAAAAAAAAAAAAAAAAA,1,0.1435165575658459,"['.....((((.(...(.((((...((((.(..((((..(.(((....))).)..))))..)))))......)))).)...).))))....................', -9.399999618530273]",False,40,0
Chicken feet,.....((.((.((...)).((...))...)))).((.((.((...)).((...))...)))).....,AAAAAGCAGAAGGAACCCUCGAAACGAAAUCGCUGGACGUGCAAAGCUGGAAACCAAACGCCAUAAA,1,0.4127562903043508,"['....(((.(((((...)))..........)))))((.(((.................))))).....', -4.599999904632568]",False,33,0
Bug 18,.((.((.((.((..((..((.((...))..)).)).))..))..))....)).,AGCGGCACGACGGAGGAAUAAGCAAAGCAUUAACCACGAACGAAGCAAAUGCA,1,0.2961530019768854,"['.(((((.((.((..((..(((((...)).))).)).))..))..))...))).', -4.0]",False,9,0
Fractal star x5,.....((((((((..((((....))))..((((....))))..((((....))))..((((....))))..)))))))).....((((((((..((((....))))..((((....))))..((((....))))..((((....))))..)))))))).....((((((((..((((....))))..((((....))))..((((....))))..((((....))))..)))))))).....((((((((..((((....))))..((((....))))..((((....))))..((((....))))..)))))))).....((((((((..((((....))))..((((....))))..((((....))))..((((....))))..)))))))).....,AAAAAUAUUCAAUAAAAGUAAAAACUUAAAUCUAAAAAGAUAAUGUUAAAAAACAAAUUUGAAAACAAAAAAUUGAAUAAAAAAAUUACAAUAAAAACAAAAGUUUAAAACUAAAAAGUUAAUUCUAAAAAGAAAAUAGCCAAAGUUAAAAUUGUAAUAAAAAAAUUAUUAAAGUUAGAAAUAAUAAAUAGAAACCUAUAAUAACAAAAGUUAAAUGUAAAAAUACAAAUAAUAAUUAAAAAUAAUCUAAACGGUGUAAACAUCACUUCAUAAUUGAAAAGAUAAACAUAUUUCAUGAAAAAUCAUAAUUAGAUUAAAAAAAAUUAAUAAAUAUUGAAAAAUAAAGACUAAAAAGUUAAGUUUAAAAAAACAAACAUAAAAAUGUAAUAUUAAUUAAAAA,1,0.2775866812670653,"['.....((((((((..((((....))))..((((....))))..((((....))))..((((....))))..)))))))).....((((((((..((((....))))..((((....))))..((((....))))..((((....))))..)))))))).....((((((((..((((....))))..((((....))))..((((....))))..((((....))))..)))))))).....((((((((..((((....))))..((((....)))).(((((....))))).((((....))))..)))))))).....((((((((..((((....))))..((((....))))..((((....))))..((((....))))..)))))))).....', -34.599998474121094]",False,60,0
Crop circle 2,((...((....((.....((.........((..............................))...............)).........)).......))....))....,GCAAAGCAAACCCAAAAUCCAAAAAAAACGCGAAAAAAAAAAAAAAAAAAAAAAAAAAAAAGCGAAAAAAAAAAAAAAGGAAAAAAAAAGGGAAAAAGGCAAAAGCAAAA,1,0.1206899436729445,"['((...((...(((....(((........(((..............................)))..............)))........)))......))....))....', -2.9000000953674316]",False,8,0
Branching Loop,.(((((........)((((....))))..)))).......,AUCCAGGAAAAAAACAUCAAAAAUGAUAAUGGAAAAAAAA,1,0.1410518088922478,"['.((((..........((((....))))..)))).......', -2.299999952316284]",False,3,0
Bug 38,.((.((.((..((.(...).)).))..))....)).,AGUACCAGAUAGCCGAAACUGCGUCAAGGAAAUACA,1,0.2753116759012669,"['.(((((.(((.((.......)))))..))...))).', -1.899999976158142]",False,8,0
Simple Single Bond,......(.........((((.....)))).........)......................,AAAAAACGAAAAAAAAGAAAAAAAAUUUCAAAAAAAAAGGAAAAAAAAAAAAAAAAAAAAA,1,0.1200985322532392,"['................((((.....))))................................', -0.30000001192092896]",False,4,0
Taraxacum officinale,((((....).))).((((....).))).((((....).))).((((....).))).((((....).))).((((....).))).((((((((((((((((((((((...)))).))))))).(((((..((((((((((..(((((((...))))))).))))))))))((((.((((((...)))))))))))))))...))))))))))).((((....).))).((((....).))).((((....).))).((((....).))).((((....).))),GAGGAAACCCCUCUUCUGUAAUCAAGAUGCCCGAAAGUGGCGGCCCGAAAGUGGCAGUGGUAAUCGCACAGUUCGAAAGUAGCAUAUAUAAUAUAUAAUUAUUAGAAAAUCUACAUAAUUAAAUAUCAAAAGUUUUUAAAAUAUUAAUAAAAUUAAUAAUUAAAAAUUUGUAACUUUUUAAAAUAAAAAUUACGAUAUAACUAUAUUAUAUAACUCCAAAGGUGAGGACAGUAAUCCUGUAGUAGACAUCAUGCAUAUGUAAUCAAUAAAAGCAAAAGGCUU,1,0.3165997693540465,"['((((.....))))............(((((((....).))).((((....).))).(((.......))).((((....).))).((((((((((((((((((((((...)))).))))))).(((((..((((((((((..(((((((...))))))).))))))))))((((.((((((...)))))))))))))))...))))))))))).((((....).))).((((.....)))).(((.......))).......))).....((((.....))))', -45.099998474121094]",False,239,0
Headless Bug on Windshield,.((.((.....(((((...((.(((.........................))).))...))).))...)).)).(((..(((..((.......((....)).......)))))......))).(((((.......(((..((..(((..((.(((...............)))..))..)))..)).)))..))..))).,AGAAAAAAAAAGGAGUAAAAGAUGAAAAAAAAAAAAAAAAAAAAAAAAAAUCAGCUAAAACUACCAAAUUUUCAGGAAAGGGAAGUGAAAAAAGGAAAACCAAAAAAAGCCCCAAAAAAUCCACAACGUACAAAAAACGAGUAAACAAAGCAGUAAAAAAAAAAAAAAAAUACAAGCAAUGUGGACAGUUAUCGUGUUGA,1,0.2082185113081147,"['.(((((.....(((((...((.(((.........................))).))...))).))...))))).(((..(((..((.......((....)).......)))))......))).(((((.......(((..((..(((..((.(((...............)))..))..)))..)).)))....))))).', -13.300000190734863]",False,31,0
Pokeball,...(((((((....((..((..(((..((..((..((..((..((..((...)).))..)).)).))..)).))).)).)))))))))........(((((((....((..((..(((..((..((..((..((..((..((...)).))..)).)).))..)).))).)).)))))))))...,AAAUUAAAUCAAAAGCAAGUAAGACGAUGAAUCAAGUAAUGAAGUAAGCAAAGCAACCACAAACAGAAACAAGUCAACAGCGAUUUAAAAAAAAAAAUUUAUAAAACCAAAUGAACCGAAGUAAAGAAACAAUCAACGAAGCAAAGCGCGAAGAAGUACUAAACCCGGACAAUGUAUAAAUAAA,0,0.2881821794408691,"['...(((((((....((..((..(((..((..((..((..((..((..((...)).))..)).)).))..)).))).)).)))))))))........(((((((....((..((..(((..((..((..((..((..((..((...)).))..)).)).))..)).))).)).)))))))))...', -5.900000095367432]",True,48,0
Variation of a crop circle,....((....((....((....((..((..((...))..))....))......)).......)).........)).............,AAAACCGAAACCAAAACCAAAAGCUGUCAAGGAAACCAAGAAAAUGCAAAAAAGGAAAAAAUGGGAAAAAAAAGGGAAAAAAAAAAAA,1,0.2083805931664493,"['..........(((...((....((..((..((...))..))....))......))......)))........................', -1.7000000476837158]",False,13,0
Loop next to a Multiloop,..((((((((.......(.((((((....)))))).(((((((....))))))).).......))))))))..,AAUAUAAAAUAAAAAAACAAUUAAUAAAAAUUAAUAUUUAUAUAAAAAUAUAAACGGAAAAAAAUUUUAUAAA,1,0.1163045587988865,"['..((((((((.........((((((....)))))).(((((((....))))))).........))))))))..', -4.0]",False,2,0
Snowflake 4,((((...))))(((((((....))(((((..(((((((....))(((((((((...))))..((((...)))))))))((....)))))))..(((((((....))(((((((((...))))..((((...)))))))))((....)))))))..(((((((....))(((((((((...))))..((((...)))))))))((....)))))))..(((((((....))(((((((((...))))..((((...)))))))))((....)))))))..(((((((....))(((((((((...))))..((((...)))))))))((....)))))))..)))))((....)))))))((((...)))),GCACAAAGUGCAAGUUGGAAACCCGUAGUUACAAGUUCAAAAGAGACAUAGGUAAAACCUCACAGAAAAUCUGAUGUCGCAAAAGCACUUGAAUCGUCUGGAAACAGUUCCCUAUAAAAUAGAAGUUAAAAUAACGGAACGCGAAAGCGAUGAAAGAACUCGGAAACGGCUAUUCGACAAUCGAUAGAGAAAAUCUCAUAGCGCAAAAGCAGUUCAAAUACCUGGAAACAGUAGCUGAGAAACUCAAUAUUCAAAGAAUGCUACGCGAAAGCGGUAUAAAACCUUCAAACGAGAGUGGCACAAAGUGCACGAUAAAAUAUCCACUCGCAAACGCAGGUUAUGCUACCCAAAAGGAACUUAGCCAAAGGCU,1,0.2937490632001165,"['((((...))))(((((((....))(((((..(((((........(((((((((...))))..((((...)))))))))........)))))..(((((((....))(((((((((...))))..((((...)))))))))((....)))))))..(((((((....))(((((((((...))))..((((...)))))))))((....)))))))..(((((((....))(((((((((...))))..((((...)))))))))((....)))))))..(((((........(((((((((...))))..((((...)))))))))........)))))..)))))((....)))))))((((...))))', -72.69999694824219]",False,656,0
Mat - Cuboid,(..((....((..((....((..((....(..((..((....((..((..((....(..((..((..((....((..((..((..((....((..((..((..((..((....((..((..((..((..((....((..((..((..((..((..((....((..((..((..((..((..((....((..((..((..((..((..((......))..))..))..))..))..))))..))..))..))..))..))))..))..))..))..))..))))..))..))..))..))))..))..))..))..))))..))..))..))))..))..))..)))..))..))))..))..)))..))))..))))..),CAAGGAAAACAACUCAAAACUAUUACAGAAGAAGGAUUAAAAGAGACCAAGUAACAGAACGAAUCAACUAAAAGGACCGAACAAAGUAAAAUCAACAAAAGAACCAAGGCAAAGCAAGGAAACAAGUAAACUAAAGGUAUGAAGGAAACAAGGAAGAAAAAGAAAACAAGCAAGGAAGGAGCCAAACGAAAGAAAAGAAAGAAGGAAUGAAAAAACAAACCAACUAACUAAUUAAUCGGAACCAACUAAGCAAGUAAUCUCAACCAAGUAACCAACAAUCCGUGAACACGUAACCAAGCCCAAGGGACUAAUGAAGAAUAAUGAACGAACCAGAAGAAACGAGCGCAAGGAGUCAAGACUAGUUAAUAGGAGGUGCCAGG,1,0.3150187707936187,"['...((....((.(((....((((((....(..((..((....((..((..((....(..((..((..((....((..((..((..((....((..((..((..((..((....((..((..((..((..((....((..((..((..((..((..((....((..((..((..((..((..((....((..((..((..((..((..((......))..))..))..))..))..))))..))..))..))..))..))))..))..))..))..))..))))..))..))..))..))))..))..))..))..))))..))..))..))))..))..))..)))..))..))))..))..)))))))))).))))...', -22.600000381469727]",False,173,0
Misfolded Aptamer 6,......(((......((((..(....(((........)))....).....)))).......)))...........,AAAAAAUCCAAAAAAGAUAAGCGAAACACAAAAAAAAGUGAAAAGAAAAAUAUCAAAAAAAGGAAAAAAAAAAAA,0,0.0579023728559396,"['......(((......((((..(....(((........)))....).....)))).......)))...........', -2.5999999046325684]",True,2,0
Snowflake 3,(((((....)).((((((....)))..((((.((((..(((....)))(((.((....))(((...)))((....)).)))(((....)))..)))).((((..(((....)))(((.((....))(((...)))((....)).)))(((....)))..)))).((((..(((....)))(((.((....))(((...)))((....)).)))(((....)))..)))).((((..(((....)))(((.((....))(((...)))((....)).)))(((....)))..)))).((((..(((....)))(((.((....))(((...)))((....)).)))(((....)))..)))).))))..(((....)))))).((....))))),GAUCGGAAACGGAGAUGGAAAACCAAAGUACAGUUCAAGUAAAAAUACGACACCAAAAGGGCUAAAAGCGGAAAUCCAGUCACCAAAAGGUAAGAACAUCGGAACCUAAAAAGGAUCACCGUAGGGGGCAAAGCCGCGAAAGCAGAUGACAAAAGUCGGCCGAAAGAGAAAGCAAAAGCUGUCGGUGAAAACGCGAAACGCCAUAAUUGUGACACCAAAAGGUAACUCUAUCCCAAAGCAAAAGCUCGCAGCAAAAGCGUCCAAGACCCAAAAGGAGCGACGAAAACGUAAGGGAACAUCAAAGAAAAAUCUGGCAUCGAAAGAGGAAAAUCCGGGAAACCAGCCUGCAAAAGCAAAGAUGAGUACACGCCAAAAGGCUCUACAGAAAUGGUU,1,0.3266919601043436,"['(((((.......((((((....)))..((((.((((..(((....)))(((.((....))(((...)))((....)).)))(((....)))..)))).((((..(((....)))....((....))(((...)))((....))....(((....)))..)))).((((..(((....)))((((........(((...)))........))))(((....)))..)))).((((..(((....)))(((.((....))(((...)))((....)).)))(((....)))..)))).((((..(((....)))(((.((....))(((...)))((....)).)))(((....)))..)))).))))..(((....)))))).......)))))', -69.5999984741211]",False,244,0
Hard Y and a bit more,.....(((((((.(((((....)))).)))(((((.((..((((....))))..(((((......)))))..)).))))))))))....................,AAAAAUCAAUGCCGGUUCAAAAGAAUACGCUACUUACUAAUUUGAAAACAAAACUUAUAAAAAAAUAUAAAAAGAAAGUAAUUGAAAAAAAAAAAAAAAAAAAAA,1,0.1749849193348713,"['.....(((((((..((((....))))..))(((((.((..((((....))))..(((((......)))))..)).))))))))))....................', -4.400000095367432]",False,12,0
Mat - Lot 2-2 B,(..(((..((((..((....((..((((....))....))..))))..))....))..))((..((..((..((((..((....((..((((..((....((....))))..))....))..))))..))((..((..((....))((..((((..((....((..((((....))....))..))))..))....))..))))..))..))..))((..((....((..((((..((....((....))))..))....))..))))..))))..))..)..),GGAGGUGACUGCGACCAAAAGUAAGGAGGAAACUAAAGCCAGACGGAAGCGAAAAGGAACGAGUAGAAUUAAUGCCAGCAGAAAUCGAGAGCAAGGAAAUCCAAAAGGCCAAGCAAAAUCAGGAUGAAGGACGGGUUAGCAAAAGCGGGAUCAGGACUUAAAGGAACAGCGAAAGCAAAAUGCACCAGGACUAAAAGAAACCACCCGUAACAGGAAGCAAGUAAAAGCAAGGUCAAGCGAAAUCGAAAGAGCGAGAAAACCCAAGCACAUGCCUACUUAACGAC,1,0.4191021643508646,"['....((..((((..((....((..((((....))....))..))))..))....))..))((((((........((..((..........((..((....((....))))..))..........))..))((((((..((....))((..((((..((....((..((((....))....))..))))..))....))..))))))))........(((.((....((..((((..((............))..))....))..)))).)))))))))......', -35.0]",False,294,0
Shapes and Energy,......(.((((.((((....(...((((.(....).))))...)))))..((......((((....)))))).)))).).....................,AAAAAAUUGAUAAGAAUUAAACGAAUAAGACGAAAGACUUAAACGAUUCCUGGUAAAAUAUGUAAAAACAUCCGUGUCAAAAAAAAAAAAAAAAAAAAAAA,1,0.1870642009705037,"['......((((((.((((....((..((((.(....).))))..)))))).(((......((((....))))))))))))).....................', -4.0]",False,25,0
Spiral of 5's,(....(((((...(((((...(((((....(((((...(((((...(((((..(((((....(((((...(((((...(((((..(((((...(((((...(((((..(((((...(((((..(((((..(((((..(((((..(((((.(((((.((((((((((.....))))).....))))).....))))).....))))).....))))).....))))).....))))).....))))).....))))).....))))).....))))).....))))).....))))).....))))).....))))).....))))).....))))).....))))).....))))).....))))).....))))).....))))).....).....,GGAAAAAAUCAAAAUUUUAAAAUUAUAAAAAAUCAAAAAUUGAAAAAUAUUAAACUCAAAAAAAAAUAAAGAUUAAAAUAGUAAAUAAAUAAACUAAAAAAGUAAAACUGAUAAAAUAUUUAAAGUAUUAUAUGAAAGUCAGAAAAUUUAAGAGUAAAUUAUAUACAAAAAGUAUAAAAAAUAAUUCAUAAACUCUAAAAAAAAUUAAAAACUGACAAAAAUCAUAAAAACGUACUAAAAAAAAUAAAAAAUAUCAAAAAAUUUACAAAAAUUUAGAAAAAAUUUAAAAAAUACUAAAAAAUAAUCAAAAAAUUUUAAAAAUGAGUAAAAAAAUAUAAACAUCAAUAAAAAUGAUUAAAAAAUAAUAAAAAAAGAUAAAAAGAUUUAAAAACAAAAA,1,0.2863312467512016,"['.....(((((...(((((...(((((....(((((...(((((...(((((..(((((....(((((...(((((...(((((..(((((...(((((...(((((..(((((...(((((..(((((..(((((..(((((..(((((.(((((.((((((((((.....))))).....))))).....))))).....))))).....))))).....))))).....))))).....))))).....))))).....))))).....))))).....))))).....))))).....))))).....))))).....))))).....))))).....))))).....))))).....))))).....))))).....)))))...........', -21.299999237060547]",False,157,0
Campfire,....((((..(((((..((((..((((.....))))((((((...))).)))))))((((((.((.((.(((((....)).)))))))(((((.((.((.((....))))))((((.(((....)).)).)))..)).)))))).))))))))(((.(((.(((.((((....))))))))))((((((((...))).)).))).))))))),AAAAAGAGAUGGUAUAUGUGUAACGUCAAAACGAUGCCUAUAAAAUAUCAGGACACGAAGAGAAGACCAGAGGGAAAACCACUCGGCUGGCGCAGCAGGAUCAAAAGACCGCCCUGACUCAAAAGACGCAAGGAAGCAGCCCUCAUUCAUACCGGCCCGUUACAAUUCAAAAAUGAGUGUGCGAGACAGCGAAACGCUUGAUCUAGCCCUCU,1,0.4084964039965448,"['....((((..(((((..((((..((((.....))))((((((...))).)))))))((((((.((.((.(((((....)).)))))))(((((.((.((.((....))))))(((..(((....)).)..)))..)).)))))).))))))))(((.(((.(((.((((....))))))))))((((((((...))).)).))).)))))))', -40.599998474121094]",False,470,0
Anemone,...((((((....))))))(((((....)))))((((((....))))))(((((....)))))((((((....))))))(((((....)))))(((((....)))))((((((....)))))).(((((....)))))((((((....))))))(((((....)))))((((((....))))))(((((....)))))((((((....)))))),AAAAAGCUAAAAAUAGCUUAGGAUAAAAGUCCUGAAUAUAAAAAUAUUCCUUUCAAAAGAAAGACAAAGACUACUUUGUAGGAAAAAAUUCCUGUCUAAAAAUAGAUUAUAUUAAAAAAUAUAACUCAAAAAAUUGAGGAGGUUUAAAAACCUUCAUACAUAAGUAUGGUCUACAAAAGUAGACGCCUAAAAAUAGGCGCAAACAAAAGUUUGC,0,0.0914033546862588,"['...((((((....))))))(((((....)))))((((((....))))))(((((....)))))((((((....))))))(((((....)))))(((((....)))))((((((....)))))).(((((....)))))((((((....))))))(((((....)))))((((((....))))))(((((....)))))((((((....))))))', -58.79999923706055]",True,45,0
Fractal 3,.....((((.(((.((....))((....)).))).(((.((....))((....)).))).(((.((....))((....)).))).(((.((....))((....)).))).)))).....,AAAAAAUGAAGGUAGCAAAUGCUCAAAAGAAACCGACCAGCAGAAGCGGGAAACCAGGUAGUCACAGCAAUGAAGUAAUUAGACAGUGUGCGAAAGCGGGAAACCACACAUCAUAAAAA,1,0.368719290885017,"['.....((((.((((((....)))........))).(((.((....))((....)).))).(((..................))).((((((....))((....)))))).)))).....', -13.100000381469727]",False,58,0
Kyurem 5,.....((((((((((....)))(((....((((((((...(((.....)))))))(((......))).))))))))))..))))....................,AAAAACGGUGUAGCUAAAAAGCGUCUCAAACGAAUAGAAAGCAAAAACUGCCUAUGAUAAAAAAAUCCUCGUGACUACAAGCUGAAAAAAAAAAAAAAAAAAAA,0,0.2509045231944554,"['.....((((((((((....)))(((....((((((((...(((.....)))))))(((......))).))))))))))..))))....................', -7.400000095367432]",True,28,0
Snowflake Necklace ( or v2.0 ),(((((((((((((((.(((((.((.....)).((.....)).((.....)).((.....)).((.....)).))))).(((.....))).(((((.((.....)).((.....)).((.....)).((.....)).((.....)).))))).(((.....))).(((((.((.....)).((.....)).((.....)).((.....)).((.....)).))))).(((.....))).(((((.((.....)).((.....)).((.....)).((.....)).((.....)).))))).(((.....))).(((((.((.....)).((.....)).((.....)).((.....)).((.....)).))))).))))))))))))))),AAAAAUAAUAUAAUAACUAGUAGAGAACAUCAGCGAAAAGUACCAAAAAGGAGGAAAAACCGGCAAAAAGCGACUAGAAGAAAAAAUCUGGAAUACCCUAAAUGGACCAAAUCGGCGCAAAAAGCAGGAAAACCCAGGAAAACCCGUAUUCACCAAAAAAUGGAGGUAAACCAAAAAGGAGCGAAAAGCAGUGAAAAACGACGAAAAGUAGCAAAAAGCAUUACCAGAAAAAAAUUCAUGAUCACCAAAAAGGCCCAAAAAGGAGGAAAAACCAGGAAAAACCAGCAAAAAGCAGAUCAAUACAAAAAGUAAAUAAACCCAAAAAGGAUCGAAAAGAAGGAAAAACCACCAAAAAGGAGCAAAAAGCGUUUAUAUAUUAUAUUAUUUUU,1,0.248636196678845,"['(((((((((((((((.(((((.((.....)).((.....)).((.....)).((.....)).((.....)).))))).(((.....))).((((((((.....)).((.....)).((.....)).((.....)).((.....)))))))).(((.....))).(((((.((.....)).((.....)).((.....)).((.....)).((.....)).))))).(((.....))).(((((.((.....)).((.....)).((.....)).((.....)).((.....)).))))).(((.....))).((((((((.....)).((.....)).((.....)).((.....)).((.....)))))))).)))))))))))))))', -49.20000076293945]",False,344,0
Methaqualone C16H14N2O Structural Representation,.......((((.((((.(((.(((....))).(((.(((....))).(((.(((....))).(((.(((....))).(((.......))).))).))).))).))).(...).)))).((((...((.(((...((...))........))).(((.(((....)))(((....)))(((....)))))).))...((((.(...).(((.(((.(((.(((.(((....(((....))).))).(((....))).))).(((....))).))).(((....))).))).((((((....)))(((....))).(((....)))))).))).))))...)))).)))).......,AAAAAAAGGAAACGUUUCGAUAAUAAAAGUUAGCCAGUUAAAAAACAGCGAUCUAAAAAGAAGACAACCAAAAGGUAACGAAAAAACCGUAGUCACGCAGGCAUCGAGCAACAAACGAGUGAAAAGGAGACAAUGCAAAGCUAAAAAACGUCAGGAACCAUAAUUGGAGCAAAAGCUGGGAAAACCCUCCACCAAAGUACAGAUACAGUUCGUCAGUGAGGCAGGUAAAAGAUAAAAAUCAACCAGUCAAAAGACAGCCAACAAAAAUGUUCACAGAAAAAAUUCAGACAGGUCCUAAAAAGGGUAAAAAUACAUGGAAAACCAACCUAACAGUACAAAUCACAUUCCAAAAAAA,1,0.3610862976822136,"['.......((((.(((((((((...........(((.(((....))).(((.(((....))).(((.(((....))).(((.......))).))).))).))))))))......)))).((((......(((..................))).(((.(((....)))(((....)))(((....))))))......((((.((......))(((.(((((((.(((....(((....))).))).(((....))).))).(((....))))))).(((....))).)))(((((((....)))(((....))).(((....)))))))....))))...)))).)))).......', -40.099998474121094]",False,4630,0
Cat's Toy 2,....((((((((....((..(...................)..((...((....))...((....))........))......))))))))))....,AAAAAUAAUUAAAAAUCCAAGGAAAAAAAAAAAAAAAAAACAAGCAACGGAAAACCAAAGGAAAACCAAAAAAAAGCAAAAAAGGUUAAUUAUAAAA,1,0.196273762378236,"['....((((((((....((..............................((....))...((....))................))))))))))....', -2.700000047683716]",False,7,0
Zigzag Semicircle,....((((((((.(....)).).).)))))....,AAAAUAAAAUGGACGAAAGCACAAAUUUUAAAAA,1,0.3309926035485254,"['....(((((((..(....)..))..)))))....', -0.10000000149011612]",False,7,0
Short String 4,......((.((..((..(...(.((.((....))))..)...(.((..((....))..))..)...).))..)))).....................,AAAAAACCACCAAUGAACAAUGAGGCUGAAACCGCCGGCAAUGGGUAACGAAAACGAAACAACAAAGGCAGAGGGGAAAAAAAAAAAAAAAAAAAAA,1,0.2186396237136422,"['......((.((..((..((.((.(((.......)))..)).)).((..((....))..))........))..)))).....................', -7.599999904632568]",False,6,0
Gladius,(....)..(....(...(..(.(..(...(((.(((...((((....)))).(((((..(.(((..(.((((..(.((((..(.((((((((.((((((.(((((.((((.((((..((((...)))).))).)))))).))))).)))))).)))))))..).))))..).))))..).)))..).))))).)))...(((.(((((.(..(((.(..((((.(..((((.(..(((((((.((((((.(((((.((((((.(((.((((((....))))))..)))).)))).))))).)))))).)))))))).)..)))).)..)))).)..))).)..))))).((((....))))...))).)))...)..).)..)...)....)..(....),GGAAACAAGGAAGCGACCAACGGAGUAAUGGCUGCAAAACUGUAAAAACAGAAUUAUAACGAAUAACGUAUUAAGGAGCAAACGAUCUUUAGCGGUAACAUAGUGCGAUGACUUGAAGAUUAAAAAUCACAAUGUAUCCAACUGGCUUACCCAUAAAGAUAAGGUGCUAACGAAUAAAGGAUUAAGGAUAAUAUGCAACUCACGGGUUGGAAAGAGCGAAAACACGAUAAUAGAAAAUAUAGUGAUUAUACCAUGACAUAUACGAAACUUAAAAAAAUUUAAGAAUUCUCAUAUCGUAUGCGGUAAUACCUAUAUUGCGAAUUAAGCCGUUUAGAAUCUGCAAAAUCCAAACUAAAAAGUUAAGUGAUGUUAAGAGACCGAAGGAAGAAAACAACGAAGG,1,0.3682475433471354,"['.............(..((..(((..(..((((((((...((((....)))).(((((....(((....((((....((((....(((((((..(((((..((((..((((.((((..((((...)))).))).)))))..))))..)))))..)))))))....))))....))))....)))....))))).))))..(((((((((....(((....((((....((((....(((((((..(((((.(((((.(((((..(((.((((((....))))))..)))..)))).))))).))))))..)))))))....))))....))))....)))....))))).((((....))))..)))).))))..)..)))..))..).............', -59.900001525878906]",False,2314,0
Thunderbolt,((..(((((........(.((..((.(.....(....).((((((((.........((......((((.....))))......))...((..((.......(..(......)..)..((..((.....(....).((((.....(((.....(..((.(...).))..).....))).((((...(.......(..(.((...)).)..).......)...))))........)))).....((((((...)))))).))..))...........))..)).........(..((....)((((((.....(........).....))))))..)..)...))))))))........).))..)).).....(.......).)))))..)).,GCAAACAAUAAAAAAAACGGUAAGCGCAAAAAGGAAACAGUUAUAAAAAAAAACAAGGAAAAAAUUUCAAAAAGAAAAAAAAACCAAAGCAACCAAAAAAACGCCAAAAAAGACGAACCAAGCAAAAUCUAAUGAAUCCCAAAAGGCAAAAACGAGGGGAAACGCCAGGAAAAAGCCAAGUUAAAGGAAAAAGGAAGAGCAAAGCACGACAAAAAAACGAAAACUAAAAAAAAGGAUAAAAAUUUGUUAAAAACAAAAGCAAGGAAAAAAAAAAAGGAAGCAAAAAAAAAGGGCCGAAGGUAGAAUAAAAACGAAAAAAAGAAAAAAUUCUAAGGAACAAAUUUAUAACAAAAAAAAGGGCAAACGGGAAAAGGAAAAAACAAUUGUAAGCA,1,0.2406854708579309,"['((..(((((........(.((..((.(.....(....).((((((((.........((......((((.....))))......))...((..((.......((.(......).))..((..((....((....))((((.....(((.....(..((.(...).))..).....))).((((...(.......(..(.((...)).)..).......)...))))........)))).....((((((...)))))).))..))...........))..)).........(..((.....((((((.....(........).....)))))).))..)...))))))))........).))..)).)...............)))))..)).', -24.799999237060547]",False,197,0
Mutated chicken feet,.......((.((.((...)).((...))...)))).((.((.((...)).((...))...)))).((.((.((...)).((...))...)))).......,AAAAAAUGUCAGUCUAAAAGGUCAAAGAACACUACGCUACCACAAAAUGAGCAAAGCUUAGGAGGGUCGACGCAAAGCUCCAAAGGAUGUCACCAAAAAA,1,0.5145462374483103,"['....................................((.((......(((((...)))))))))(((.((((......(((...))))))))))......', -9.0]",False,70,0
Chicken Tracks,........(((((((((((....))))..((((....))))..((((....)))))))))))..(((((((...))))..((((...))))..((((...))))))).........,AAAAAAAAAUAUUAUGCAUAAAAAUGUACUAUUGAAAAAUAAACGAUAAAAAUUGGUAAUAUAAGAGUGCCAAAGGCAGAAAGCAAAGCUUAAAUUCAAAGAAUCUCAAAAAAAAA,0,0.3412131595954122,"['........(((((((((((....))))..((((....))))..((((....)))))))))))..(((((((...))))..((((...))))..((((...))))))).........', -8.5]",True,39,0
Looking Back Again,(((..(((((((.....((((((...)))))).))))..((((((..(((...)))))).(((((...((((....))))....)))))..)))..)))..(((((((.....(((((....)))))......)))((((((((((...)))))(((((...)))))((((((((..(..(..(..(..(..((((....))))..).)..))..).))(((....)))..))))))...))))))))).(((((.((((......(((((((........((((.....))))))))...))).))))((((......((((((((....))))))..(((((...)).(((((...)))))..)))))....)))))))))...))),GAUAAGACGAACAAAAAUUAAUAAAAUAUUAAAGUUCCAAUCACGUAGUCAAAGACCGUUCUUUAAAAAUAAAAAAUUAUAAAAUAAAGAUGAUAAGUUAAGGUGGGCAAAAAUUAUUAAAAAAUAAAAAAAAGCCAGUGUUGAUCAAAGAUCAGAUUUAAAAAAUCAGUUAUGUAAUGCUAAGAUUCGGGAUAUCAAAAGAUAAACUAUGCAGCGGACUUCUAAUGAAAAAUAACUAAUACACUUACCAUGAGGAUUGCAAAAAAACCGGUGAAAAAAAAGAAGAAAAACUUCCGCCUAAGGUAGCAAGAGAAAAAAAGCUUAAAUAAAAAUUUAAAUGGCCCAAAGGAAGUAUAAAAUACUAUGCCGCGAAAUCUCCCUCAAAAAUC,1,0.3177750191708432,"['(((.....((((.....((((((...)))))).)))).....(((..(((...))))))((((((...((((....))))....))))))...........(((((((.....(((((....)))))......)))((((((((((...)))))(((((...)))))((((((((..((((..(..(.((..((((....))))..)))..))))).))(((....)))..))))))...))))))))).(((((.((((......(((((((........((((.....))))))))...))).))))((((......((((((((....))))))..(((((...)).(((((...)))))..)))))....)))))))))...)))', -41.0]",False,948,0
Multilooping 6,..(((((((((((((....)))))(((((....))))))))((((((((....)))))(((((....)))))))))))))..,AAGAUUACGCAAGUUAACAAACUUUAACUAAAAAGUUAGCGGGGGACUUAAAAAAGUUAUGAAAAAAUUCAUCCCUAAUCAA,0,0.2365498981532689,"['..(((((((((((((....)))))(((((....))))))))((((((((....)))))(((((....)))))))))))))..', -11.800000190734863]",True,10,0
Cesspool,(..(..(....)..(((..(.(.(((...)))..)..)..)))..(..(....)..).(..(....)..).....(....)..)..)..(..(..(....)..(((..(.(.(((...)))..)..)..)))..(..(....)..).(..(....)..).....(....)..)..)..((..(..(....)..(((..(.(.(((...)))..)..)..)))..(..(....)..).(..(....)..).....(....)..)..))..((..(..(....)..(((..(.(.(((...)))..)..)..)))..(..(....)..).(..(....)..).....(....)..)..)),GGAGAGGGAAACGACGUGGCACGGAUAAAAUCAAGAUGAAGCGAGUGACAAAGGGAACGAACGAAAGGGCAAAAAGGAAACAACGACAAGGACGAAGAAAUAAGAAAGGGAGACAAAAUGUACUUACAAUUCAAGGCGCCAACACCAGGACGAAAGGACAAAAAGGAAACACGGACAACCAAGGGGGAAACAAUGAAGCACGGCAAAAUGCAAGGAGGAUCAAAGAACGAAAGGGCAGGACGAAAGGACAAAAGGGAAACGACGGGGAAGUGUGAACGAAGGAUAGCAAGAGGGACAAAGUCAGCGACGGGCUAACAACGAAAGGGGAGGACAAAAGGACAAAAAGGAAACAACUAGC,1,0.2882657733660387,"['....((........(((..(((.(((...)))..).))..))).((..(....)..))(..(....)..).................................(((..(((((((...))).))).)..)))..((.(....).)).(..(....)..)............((.((..((..(..(.......(((..(.(.(((...)))..)..)..)))..(..(....)..).(..(....)..)..........)..)..))..)).)).........((((..(.(.(((...)))..)..)..)))).(..(....)..).(..(....)..).............))...', -24.200000762939453]",False,7091,0
Hoglafractal,..(.((..(((((....(((((......))))))))))((((...((((.....))))))))(((..(((....)))))).(((...((((...((((......))))))))(((..(((.....))))))((.((....)))).((((....(((..(((......))))))((.((.....))))(((....))).(((((.....((.((......))))(((.....)))((....)).((((((......(((......)))((.....))...(((((((...))))))).......))))))......))))).....))))....)))...))..)...(.((.((((....((....))((....))((((((...)))))).)))))).),AGCACCAAAUAGGAAAAUUCAAAAAAAAUUGAACCUAUGAUCUAAAACAAAAAAUGUUGAUCGUUAAUUCAAAAGAAAACAGUCAAAAACUAAAUUAUAAAAAAAUAAAGUUGAAAUUACAAAAAGUAUUCGCAGAUAAAUCGCAGGUAAAAUGGACUACUAAAAAAAGUUCCUACGCAAAAAGCUAUGAAAAAUCAAUUCACAAAAAGGAUCAAAAAAGACCGUCAAAAAGACACGAAAGUAGGUUGAAAAAAACAGAAAAAACUGGCGAAAAGUAAAAUAAUUUAAAAAAUUAUAAAAAAAUCAAUCCAAAAAGUGAAAAAAAUACCAAAAGACAAAGGAGGAAACUAGAGCUUAAAAGGAAAACCGGAAAACCUAUAUAAAAUAUAUAAAAGCCUGG,1,0.2496727148651024,"['....((..(((((....(((((......))))))))))((((...((((.....))))))))(((..(((....)))))).(((...((((...((((......))))))))(((..(((.....))))))((.((....)))).((((....(((..(((......))))))...((.....))..(((....))).(((((.....((.((......))))(((.....)))((....)).((((((......(((......)))((.....))...(((((((...))))))).......))))))......))))).....))))....)))...))......((((.((((....((....))((....))((((((...)))))).))))))))', -40.70000076293945]",False,337,0
Bullseye,...(((((((...))))..((((...))))..((((...)))))))........(((((((...))))..((((...))))..((((...)))))))........(((((((...))))..((((...))))..((((...)))))))........(((((((...))))..((((...))))..((((...)))))))...,AAACCGAAGCAAAGCUUAAUCGUAAAGCGAAAGAUCAAAGAUCCGGAAAAAAAAGGCGGAAAAAUUCCAAAUCCACAGGAUAACGUAAAAUACGGCCAAAAAAACUGCGCAAAAAUUGCCCCUAUAAAGUAGAUUUCAAAAUGAAGCGAAAAAAAAGUGAGACAAAGUCUAAUCAAAAAUUGAAACUGUAAAACAGCACAAA,0,0.1708979140900343,"['...(((((((...))))..((((...))))..((((...)))))))........(((((((...))))..((((...))))..((((...)))))))........(((((((...))))..((((...))))..((((...)))))))........(((((((...))))..((((...))))..((((...)))))))...', -24.899999618530273]",True,129,0
Shooting Star,(((((((((((((((((...(.(..((.(((.(((.((....).))).)))).).)..))..))))))).(((((..(.(..((.(((.(((((.(((.((((.((....).)))).))))).))).)))).).)..))..)(....)..))))(((((((((...))))).(((((...)))))(.(....).).)))).)))).((((.((((...(((((((...))))))).(((((...)))))))))(((((((...))))))).(((((...)))))))))((((..(....)(..(..(..(.(.(((.((((.((....).)))).)))).)..)..).)..))))).)))))).,UAAAAUCUAAAUAAUUUAAAGAGAAUCCCGGCGUGCGCGAAUGUCCAACCCGAGGAGACCGAAAGUUAUAGACAAGGAAUGCUGAGUGCGAGUGUCGGCGCUGAUCAAAAGUACAGACCCGCAACUACCACACGAGUGUCCUGGAAACAAUGUCGCGAUAGUUAAAAACUAAGAAUCAAAGAUUCGCGGAAAUGCCUCGCCUUAGACUACAUCCCGUUUAAAUUUAAAAAAUUUAUCAUAUAAAAUAUGGGGACUAUAAAAAAUUUAUAGACCAUUAAAAAUGGGUAGCGUCACCGAAAGAGUUAUGAACGGAAAGUGGAGCGCAAAAGACCUCACCUUACACGGCCAGAAUGACGAAUUUUAA,1,0.4061562790784137,"['((((((....(((((((...(.(..((((((..((.((....)).))..))).)))..))..))))))).((((((((.(((((.(((..(((..(((..(((..(....)..)))..)))..)))..))).).))))))))........))))(((((((((...))))).(((((...)))))(((....))).))))......((((.((((...(((((((...))))))).(((((...)))))))))(((((((...))))))).(((((...)))))))))(((((............((..(((.(((..(((..(....)..)))..))).).))..))...))))).)))))).', -65.19999694824219]",False,3733,0
Teslagon,......((.......((.((.......((.((...............)).........((...............)).)).......)).((.......((...............)).......)).((.......((.((...............)).........((...............)).)).......)).((.......((...............)).......)).((.......((.((...............)).........((...............)).)).......)).((.......((............((...............)).)).......)).)).......))......,AAAAAAGCAAAAAAGAAUGGAAAAAAAUCAGCAAAAAAAAAAAAAAAGCAAAAAAAAAGGGAAAAAAAAAAAGGACCAGAGAAAAAGCCAGCAAAAAAACCAAAAAAAAAAAAAAAGGAAAAAAAGCACCUAAAAAGCCCGGAAAAAAAAAAAAAAACCGUAAAAAAGCCAAAAAAAAAAAAAAAGGAGGAAAAAAAGGAGUCAAAAAAGCAAAAAAAAAAAAAAAGCAAAAAAGAUAGUCAAAAAAGCACCGAAAAAAAAAAAAAAGGAAAAAAAAAGCAAAAAAAAAAAAAAAGCAGCAAAAAAGACACUAAAAAAAGACAAAAAAAAAAAGCACAAAAAAAAAAAAAGCAUCGAAAAAAAGUUUAAAAAAAGCAAAAAA,1,0.1821891484495745,"['......((.........(((.......((.((...............)).........((...............)).)).......)))((.......((...............)).......)).(((......(((((...............)))........((...............)).))......))).(((......((...............))......))).(((......((.((...............)).........((...............)).))......)))........................((...............))......................))......', -6.199999809265137]",False,1472,0
