puzzle_name,structure,rna,time,score,mfe,hits,defect,opts,ties,sub_hits
Simple Hairpin,(((((......))))),AAAUGAAAAAACAUUU,0.0033891201019287,0,"['(((((......)))))', -0.20000000298023224]",True,0.2299215588253869,"[(-0.20000000298023224, '(((((......)))))')]",1,1
Arabidopsis Thaliana 6 RNA - Difficulty Level 0,(((((((....(((...........)))((((((((..(((((((((((((((((((...(((((......))))).)))))).)))))))))))))..))))))))..))))))),UGAAAAAAAACGGUAAAAAAAAAAAACCUAUAAUAAAAAUAUUUAUUAUAUUAAUUAACAAAAAAAAAAAAUUUUUAUAAUUGAAUAUAAUAAAUAUAAUUAUUAUAAAUUUUUCA,0.1346969604492187,0,"['(((((((....(((...........)))((((((((..(((((((((((((((((((...(((((......))))).)))))).)))))))))))))..))))))))..)))))))', -18.600000381469727]",True,0.1200875190306976,"[(-18.600000381469727, '(((((((....(((...........)))((((((((..(((((((((((((((((((...(((((......))))).))))))).))))))))))))..))))))))..)))))))'), (-18.600000381469727, '(((((((....(((...........)))((((((((..(((((((((((((((((((...(((((......))))).)))))).)))))))))))))..))))))))..)))))))')]",2,1
Prion Pseudoknot - Difficulty Level 0,((((((.((((....))))))).)))..........,UAGACUCAUUAAAAAUAAUAGUACUAAAAAAAAAAA,0.015575885772705,0,"['((((((.((((....))))))).)))..........', -2.0999999046325684]",True,0.0519798888554754,"[(-2.0999999046325684, '((((((.((((....))))))).)))..........')]",1,1
Human Integrated Adenovirus - Difficulty Level 0,((((((((((((((.((((((...........((((((((((((.....((((((((....(((((((((((((........))))))))))....))))))))....))))))....)))))...((((((.......))))))))))............)))))).))))....))))))...))))...,GUAUAUAAAUUAUUAAAAAAUAAAAAAAAAAAGUAGUUUCAAGGAAAAAGCUAAGUACAACGGAUUAAUAUAUUAAAAAAAAAAUAUAUUAAAAACUCCUACUUCAAAAGCCCUAAAAUGAAAAAAUAAAUAAAAAAAAUAUUUACUACAAAAAAAAAAAAAUUUUUAAAUAAAAAAUUUAUUAAAUACAAA,0.5522153377532959,0,"['((((((((((((((.((((((...........((((((((((((.....((((((((....(((((((((((((........))))))))))....))))))))....))))))....)))))...((((((.......))))))))))............)))))).))))....))))))...))))...', -16.899999618530273]",True,0.2326527588420451,"[(-16.899999618530273, '((((((((((((((.((((((...........((((((((((((.....((((((((....(((((((((((((........))))))))))....))))))))....))))))....)))))...((((((.......))))))))))............)))))).))))....))))))...))))...')]",1,1
The Gammaretrovirus Signal - Difficulty Level 0,..(.(..((((((....))))))..).)......((((..(((.(((((((((....)))))....)))))))))))..((((((((....))))))))..,AAAAGAAAUUAUUAAAAAAUAAUAACUUAAAAAAUGUAACUCAAUAAUCAUGUAAAAACAUGUAAAAUUAUGAUACAAAUUUUUUAUAAAAAUAAAAAAAA,0.2570436000823974,1,"['..(((..((((((....))))))..)))......((((..(((.(((((((((....)))))....)))))))))))..((((((((....))))))))..', -9.199999809265137]",False,0.2428717700906638,"[(-9.199999809265137, '..(((..((((((....))))))..)))......((((..(((.(((((((((....)))))....)))))))))))..((((((((....))))))))..'), (-9.199999809265137, '..(((..((((((....))))))..)))......((((..((.((((((((((....)))))....)))))))))))..((((((((....))))))))..')]",2,0
Saccharomyces Cerevisiae - Difficulty Level 0,(((((((((((........)))).((...............))....(((((.......))))))))))))....(((((((..((((........))))(((.............)))....(((((.......))))))))))))....(((((((..((((........))))((((((.......))))))....(((((.......))))))))))))....(((((((..((((........))))((((((.......))))))....(((((.......))))))))))))....(((((((..((((........))))((((((.......))))))....(((((.......))))))))))))....,AAUUGUGGCUUAAAAAAAAGAGUAGGAAAAAAAAAAAAAACCCGAAAUAUACAAAAAAAGUAUGCACAAUUAAAAAAAAAAUAUGAAUAAAAAAAAGUUCUGCAAAAAAAAAAAAAGCAAAAAUAAGCAAAAAAAGCUUAAUUUUUUAAAAAAUUAAUAACAUUAAAAAAAGGAUGGAAUUUAAAAAAAAAAUUUAAAAUAUACAAAAAAAGUAUAAUUAAUUAAAAAUCAUUAAAAUUGAAAAAAAACAAUAGAAAUAAAAAAAAUUUCUGAAAGAUCUAAAAGAAAGAUUUAAUGAUAAAAUUAGAUUCAUGGAAAAAAAAAUUCAGAUAACAAAAAAAGUUAUCAAAAAGUAAAAAAAAAUUACUAAUCUAAAAAA,2.081451177597046,0,"['(((((((((((........)))).((...............))....(((((.......))))))))))))....(((((((..((((........))))(((.............)))....(((((.......))))))))))))....(((((((..((((........))))((((((.......))))))....(((((.......))))))))))))....(((((((..((((........))))((((((.......))))))....(((((.......))))))))))))....(((((((..((((........))))((((((.......))))))....(((((.......))))))))))))....', -35.5]",True,0.2463425468198171,"[(-35.5, '(((((((((((........)))).((...............))....(((((.......))))))))))))....(((((((..((((........))))(((.............)))....(((((.......))))))))))))....(((((((..((((........))))((((((.......))))))....(((((.......))))))))))))....(((((((..((((........))))((((((.......))))))....(((((.......))))))))))))....(((((((..((((........))))((((((.......))))))....(((((.......))))))))))))....')]",1,1
Fractal 2,.....((((((((...((((((((((..((((..........))))..((((..........))))..((((..........))))..))))))))))...((((((((((..((((..........))))..((((..........))))..((((..........))))..))))))))))...((((((((((..((((..........))))..((((..........))))..((((..........))))..))))))))))...)))))))).....,AAAAAAUUUUUUUAAAAUUAAAUAUUAAAAUGAAAAAAAAAACAUUAACUAAAAAAAAAAACUUAGAACAUUAAAAAAAAAAAAUGAAAAUAUUUAAUAAAUAAAAUUUAAAACAAUAAAAAAAAAAAUUGAAGUGAAAAAAAACAAUCACAAAAUCAAAAAAAAAAGAUUAAUUAAAUUUUAAAAUUUAUAAAUAAAAGAAAAAAAAAAAAUUCUAAGGAUAAAAAAAAAAAUCCAAGUAAAAAAAAAAAAUUACAAUAUUUAUAAAAAAAAAAAAAUAAAAA,0.3751397132873535,0,"['.....((((((((...((((((((((..((((..........))))..((((..........))))..((((..........))))..))))))))))...((((((((((..((((..........))))..((((..........))))..((((..........))))..))))))))))...((((((((((..((((..........))))..((((..........))))..((((..........))))..))))))))))...)))))))).....', -15.800000190734863]",True,0.2583696039176805,"[(-15.800000190734863, '.....((((((((...((((((((((..((((..........))))..((((..........))))..((((..........))))..))))))))))...((((((((((..((((..........))))..((((..........))))..((((..........))))..))))))))))...((((((((((..((((..........))))..((((..........))))..((((..........))))..))))))))))...)))))))).....')]",1,1
G-C Placement,((((...)))).,GUAUAAAAUACA,0.0078721046447753,0,"['((((...)))).', -0.4000000059604645]",True,0.222011068852007,"[(-0.4000000059604645, '((((...)))).')]",1,1
The Sun,(((.(((((((...))))..))))))...(((.(((((((...))))..))))))...(((.(((((((...))))..))))))...(((.(((((((...))))..))))))...(((.(((((((...))))..))))))...(((.(((((((...))))..))))))...(((.(((((((...))))..))))))...(((.(((((((...))))..))))))...(((.(((((((...))))..)))))),UGGAGUUAUAAAAAUUAUUAGAUCCAAAAAACUAUUGUGCAAAGCACAAGAUGUUAAAUCUAGACCAGUAAAAUUGUUGUCAGAAAGCACUCACGUCAAUAUGACCAGUGGUGAAACAUGUCUCUAUAAAAUAGCAAGAAUGAAAGUGCACGAUCCAAAGGAUACCGUUACAAAACUAGGUUGGUGAAACCAGAACCAGUAACCGAAUCAUCGUAAAACGAACUGAUCGAAAGGUAGAUUGCUAAAAGCAUAAUCACC,11.1681489944458,1,"['((((...((((...))))....))))...(((..((((((...))))))...)))...(((.(((((((...))))..))))))...(((.(((((((...))))..))))))...(((.(((((((...))))..))))))...(((.(((((((...))))..))))))...(((.(((((((...))))..))))))...(((.(((((((...))))..))))))...(((.(((((((...))))..))))))', -43.900001525878906]",False,0.3134258389248208,"[(-43.900001525878906, '((((...((((...))))....))))...(((..((((((...))))))...)))...(((.(((((((...))))..))))))...(((.(((((((...))))..))))))...(((.(((((((...))))..))))))...(((.(((((((...))))..))))))...(((.(((((((...))))..))))))...(((.(((((((...))))..))))))...(((.(((((((...))))..))))))'), (-43.900001525878906, '((((...((((...))))....))))...(((..((((((...))))))...)))...(((.(((((((...))))..))))))...(((.(((((((...))))..))))))...(((.(((((((...))))..))))))...(((.(((((((...))))..))))))...(((.(((((((...))))..))))))...((.((((((((...))))..))))))...(((.(((((((...))))..))))))')]",2,0
Frog Foot,..........((((....))))((((....))))((((...)))),AAAAAAAAAAACAUAAAAAUGUCUCUAAAAAGAGUGGAAAAUCCA,0.0354182720184326,0,"['..........((((....))))((((....))))((((...))))', -4.300000190734863]",True,0.1023573374685171,"[(-4.300000190734863, '..........((((....))))((((....))))((((...))))')]",1,1
InfoRNA test 16,((((((.((((((((....))))).)).).)))))),AUAAAUAGGUGAAAUAAAAAUUUCGACACAAUUUAU,0.0088050365447998,0,"['((((((.((((((((....))))).)).).))))))', -3.799999952316284]",True,0.1415234276674313,"[(-3.799999952316284, '((((((.((((((((....))))).)).).))))))')]",1,1
Mat - Martian 2,((((....))))...(((((((..(((((((.......))))))))))))))...((((((((......(((((((.(((((((.......))))))))))))))...((((((((((((((.......))))))).)))))))......))))))))...((((((((((((((.......)))))))..)))))))...((((....)))),AGUAAAAAUACUAAAUUAUAUUAAUUAUAUAAAAAAAAUAUAUAAAAUAUAAAAAAUAAAUAAAAAAAAAUAUAUAAGUUAUUAAAAAAAAUAAUAACUAUAUAUAAAAUAUUAUAUAUUAUAAAAAAAAUAAUAUAAUAAUAUAAAAAAUUAUUUAUAAAAAUAAACAAAUUUAAAAAAAAUAAAUUUAAGUUUAUUAAAAAUCAAAAGAUU,0.2445428371429443,0,"['((((....))))...(((((((..(((((((.......))))))))))))))...((((((((......(((((((.(((((((.......))))))))))))))...((((((((((((((.......))))))).)))))))......))))))))...((((((((((((((.......)))))))..)))))))...((((....))))', -25.600000381469727]",True,0.1102943841874148,"[(-25.600000381469727, '((((....))))...(((((((..(((((((.......))))))))))))))...((((((((......(((((((.(((((((.......))))))))))))))...((((((((((((((.......)))))))).))))))......))))))))...((((((((((((((.......)))))))..)))))))...((((....))))'), (-25.600000381469727, '((((....))))...(((((((..(((((((.......))))))))))))))...((((((((......(((((((.(((((((.......))))))))))))))...((((((((((((((.......))))))).)))))))......))))))))...((((((((((((((.......)))))))..)))))))...((((....))))'), (-25.600000381469727, '((((....))))...(((((((..(((((((.......))))))))))))))...((((((((......((((((.((((((((.......))))))))))))))...((((((((((((((.......)))))))).))))))......))))))))...((((((((((((((.......)))))))..)))))))...((((....))))'), (-25.600000381469727, '((((....))))...(((((((..(((((((.......))))))))))))))...((((((((......((((((.((((((((.......))))))))))))))...((((((((((((((.......))))))).)))))))......))))))))...((((((((((((((.......)))))))..)))))))...((((....))))')]",4,1
square,((((((((((((((((((((((((((...))))))....)))))))....))))))....))))))),CUAAAAAUUUUACUAAUUAUUUAUACAAAGUAUAAAAAUAUAAUUAUAAUGUAAAAAAAUUUUUUAG,0.0506427288055419,0,"['((((((((((((((((((((((((((...))))))....)))))))....))))))....)))))))', -7.900000095367432]",True,0.1020303228507164,"[(-7.900000095367432, '((((((((((((((((((((((((((...))))))....)))))))....))))))....)))))))')]",1,1
Six legd turtle 2,.....((...((....))...((....))...((....))...((....))...((....))...((....))...))....................,AAAAAGCAAAGCGAAAGCAAAGGAAAACCAAAGCAAAAGCAAAGCAAAAGCAAAGGAAAACCAAACCAAAAGGAAAGCAAAAAAAAAAAAAAAAAAAA,0.219778299331665,0,"['.....((...((....))...((....))...((....))...((....))...((....))...((....))...))....................', -7.5]",True,0.0760941187620909,"[(-7.5, '.....((...((....))...((....))...((....))...((....))...((....))...((....))...))....................')]",1,1
Small and Easy 6,(((((.....))..((.........))))),GAUGGAAAAACCGACCGAAAAAAAAGGAUC,0.1911497116088867,1,"['...((.....))..((.........))...', -0.5]",False,0.3296850370794,"[(-0.5, '...((.....))((((.........)).))'), (-0.5, '...((.....))..((.........))...')]",2,0
Fractile,............((....))...((...((....))..((...((....))...))..((....))...))..((....))........................,AAAAAAAAAAAACCAAAAGGAAACCAAAGGAAACCCAACCGAAUGAAAACAAAAGGAGCUAAAAAGCCAGGAACGGAAACGAAAAAAAAAAAAAAAAAAAAAAAA,0.5629479885101318,1,"['............((....))...((...((....))..((...((....))...)).(((....)))..))..((....))........................', -3.299999952316284]",False,0.1672725391588246,"[(-3.299999952316284, '............((....((...))...((....))..((...((....))...)).(((....)))..))..((....))........................'), (-3.299999952316284, '............((....))...((...((....))..((...((....))...)).(((....)))..))..((....))........................')]",2,0
Six legd Turtle,.....((....((....))....((....))....((....))....((....))....((....))....((....))....))....................,AAAAAGCAAAAGCAAAAGCAAAAGGAAAACCAAAACCAAAAGGGAAAGCAAAAGCAAAAGCAAAAGCAACACCAAAAGGAAAAGCAAAAAAAAAAAAAAAAAAAA,1.1880123615264893,0,"['.....((....((....))....((....))....((....))....((....))....((....))....((....))....))....................', -7.199999809265137]",True,0.1104257210249638,"[(-7.199999809265137, '.....((....((....))....((....))....((....))....((....))....((....))....((....))....))....................')]",1,1
snoRNA SNORD64,((((((.....(((....(((...(((((.............)))))....)))..)))..)))))),AGUUAUAAAAAAAGAAAAGUAAAAUUAACAAAAAAAAAAAAAGUUAAAAAAUACAACUUAAAUAACU,0.0387279987335205,0,"['((((((.....(((....(((...(((((.............)))))....)))..)))..))))))', -1.0]",True,0.2755818181511524,"[(-1.0, '((((((.....(((....(((...(((((.............)))))....)))..)))..))))))')]",1,1
Chalk Outline,.....((((.(((((....)).))).(((.(((....)))))).((((((....)).)))).(((((....))).)))))).......................,AAAAAGAAUAAUGGAAAAAUCACAUAAGAUCUAAAAAUAGUCUAUAAGGUAAAAACUCUUAAUCUGAAAAAUCACGAAUUCAAAAAAAAAAAAAAAAAAAAAAA,0.0539331436157226,0,"['.....((((.(((((....)).))).(((.(((....)))))).((((((....)).)))).(((((....))).)))))).......................', -4.800000190734863]",True,0.1600508076181545,"[(-4.800000190734863, '.....((((.(((((....)).))).(((.(((....)))))).((((((....)).)))).(((((....))).)))))).......................')]",1,1
InfoRNA bulge test 9,(((((((.(.(.(.(((((((....))))))))))))))))),UAUUAAUAGAGACAUAUAAAAAAAAUUUUAUAGCCAUUAAUA,0.0124604701995849,0,"['(((((((.(.(.(.(((((((....)))))))))))))))))', -2.9000000953674316]",True,0.1383219161058181,"[(-2.9000000953674316, '(((((((.(.(.(.(((((((....)))))))))))))))))')]",1,1
Tilted Russian Cross,.....((((((((....))))((((.((((....))))(((((....))))).((((....))))))))((((....))))))))....................,AAAAAUGAGGUGUAAAAACACGAGACGGAUAAAGGUCCACAGUAAAAAUUGUCACUUAAAAAAGUUCUCUGAAAAAAUUCACUCAAAAAAAAAAAAAAAAAAAAA,0.3802583217620849,0,"['.....((((((((....))))((((.((((....))))(((((....))))).((((....))))))))((((....))))))))....................', -14.0]",True,0.0979587886666609,"[(-14.0, '.....((((((((....))))((((.((((....))))(((((....))))).((((....))))))))((((....))))))))....................')]",1,1
This is ACTUALLY Small And Easy 6,................................................................................................................................................................................................................................................................................................................................................................................................................,AAAAAAAAAAAAAAAAAAAAAAAAAAAAAAAAAAAAAAAAAAAAAAAAAAAAAAAAAAAAAAAAAAAAAAAAAAAAAAAAAAAAAAAAAAAAAAAAAAAAAAAAAAAAAAAAAAAAAAAAAAAAAAAAAAAAAAAAAAAAAAAAAAAAAAAAAAAAAAAAAAAAAAAAAAAAAAAAAAAAAAAAAAAAAAAAAAAAAAAAAAAAAAAAAAAAAAAAAAAAAAAAAAAAAAAAAAAAAAAAAAAAAAAAAAAAAAAAAAAAAAAAAAAAAAAAAAAAAAAAAAAAAAAAAAAAAAAAAAAAAAAAAAAAAAAAAAAAAAAAAAAAAAAAAAAAAAAAAAAAAAAAAAAAAAAAAAAAAAAAAAAAAAAAAAAAAAAAAAAAAAAAAAAAAAAAAAAAAAAA,0.0148406028747558,0,"['................................................................................................................................................................................................................................................................................................................................................................................................................', 0.0]",True,0.0,"[(0.0, '................................................................................................................................................................................................................................................................................................................................................................................................................')]",1,1
Shortie 4,((....)).((....)),GCAAAAGCACCGAAAGG,0.04213547706604,0,"['((....)).((....))', -1.5]",True,0.1133080283207803,"[(-1.5, '((....)).((....))')]",1,1
Shape Test,.....(.((((..(((((........)))))..(((.(((.(((((.....))))).((((....)))).))))))..)))).)....................,AAAAAGAGUUCAAUUAAGAAAAAAAACUUAAAAUAGUGGAAUAAUUAAAAAAAUUAAACUUAAAAAAGUAUCCCUAAAGAACCCAAAAAAAAAAAAAAAAAAAA,0.4030091762542724,0,"['.....(.((((..(((((........)))))..(((.(((.(((((.....))))).((((....)))).))))))..)))).)....................', -5.199999809265137]",True,0.1309994331225458,"[(-5.199999809265137, '.....(.((((..(((((........)))))..(((.(((.(((((.....))))).((((....)))).))))))..)))).)....................')]",1,1
The Minitsry,(((.....(((.....(((.....(((.....(((........))).))).))).))).))),GCCAAAAAGAGAAAAAUCCAAAAAUCGAAAAAUGCAAAAAAAAGCAACGAAGGAACUCAGGC,0.1604514122009277,0,"['(((.....(((.....(((.....(((.....(((........))).))).))).))).)))', -3.5]",True,0.2128236545042135,"[(-3.5, '(((.....(((.....(((.....(((.....(((........))).))).))).))).)))')]",1,1
stickshift,..((((((((.....)).))))))..,AAAUUUAACAAAAAAUGCUUAAAUAA,0.0040278434753417,0,"['..((((((((.....)).))))))..', -0.699999988079071]",True,0.1673548977131977,"[(-0.699999988079071, '..((((((((.....)).))))))..')]",1,1
U,.....(((((.(.(.((.(.(((((((((....))))))))))))))))))).....,AAAAACUAAUAGACAUACGAUUUUUUUAUAAAAAUAAAAAAACUAGCAUUAGAAAAA,0.0267562866210937,0,"['.....(((((.(.(.((.(.(((((((((....))))))))))))))))))).....', -3.4000000953674316]",True,0.1679894294338871,"[(-3.4000000953674316, '.....(((((.(.(.((.(.(((((((((....))))))))))))))))))).....')]",1,1
Still Life (Sunflower In A Vase),...((((..(((((.....)))))..(((((...)))))..(((((.....)))))..(((((...)))))..(((((.....)))))..(((((.....))))).((((((((((((((((((((((((((((......))))).(((((.............((((.........................................)))).............)))))(((((....))))).)))))))))))))))))))))))..(((((.....)))))..(((((.....)))))..(((((.....)))))..(((((.....)))))..(((((....)))))..(((((.....))))).))))...,AAAUUAUAAUCAAUAAAAAAUUGAAAGAAUUAAAAAUUCAAAAUAAAAAAAUUGUUAAUUUGUAAAACAAAAAAUUUUAAAAAGAAAUAAAUAAUAAAAAAUUAUAAUAAUAAUUUAAAUUAUAAAUUCAAUUAAAAAAAUAAUUAAACCAAAAAAAAAAAAAAGUAAAAAAAAAAAAAAAAAAAAAAAAAAAAAAAAAAAAAAAAAAAUUACAAAAAAAAAAAAAUGGUUGUGAAAAAAUUCACAGAAUUUAUAAUUUAAAUUAUUAUAAGUUAUAAAAAAUAAUAAAUUAUAAAAAAUAAUAAAUUUAAAAAAUAAAUAAAUUUCAAAAAGAAAUAAAUAAUAAAAAUUAUACGAUAAAAAAAUUAUCAAUAAAAA,3.084479808807373,0,"['...((((..(((((.....)))))..(((((...)))))..(((((.....)))))..(((((...)))))..(((((.....)))))..(((((.....))))).((((((((((((((((((((((((((((......))))).(((((.............((((.........................................)))).............)))))(((((....))))).)))))))))))))))))))))))..(((((.....)))))..(((((.....)))))..(((((.....)))))..(((((.....)))))..(((((....)))))..(((((.....))))).))))...', -36.66999816894531]",True,0.2050728042011979,"[(-36.66999816894531, '...((((..(((((.....)))))..(((((...)))))..(((((.....)))))..(((((...)))))..(((((.....)))))..(((((.....))))).((((((((((((((((((((((((((((......))))).(((((.............((((.........................................)))).............)))))(((((....))))).)))))))))))))))))))))))..(((((.....)))))..(((((.....)))))..(((((.....)))))..(((((.....)))))..(((((....)))))..(((((.....))))).))))...')]",1,1
Quasispecies 2-2 Loop Challenge,.....((((((((..((((....))))..)))).((((..(...)..)))).((((..(..(((.....)))..)..))))))))....................,AAAAACUAGUAGUAAUCUAAAAAUAGAAAACUAAGUUCAGCAAAGGAGAACAUAAGAACAAGCAAAAAAUGUAAGAACUUACUAGAAAAAAAAAAAAAAAAAAAA,0.427114725112915,1,"['.....((((((((..((((....))))..)))).((((.........)))).((((..(..(((.....)))..)..))))))))....................', -8.199999809265137]",False,0.2152828157617648,"[(-8.199999809265137, '.....((((((((..((((....))))..)))).((((.........)))).((((..(..(((.....)))..)..))))))))....................')]",1,0
Corner bulge training,.(((((((((((...)))))....)))))).,AUUCAUAAAUAUAAAAUAUUAAAAUAUGAAA,0.002673864364624,0,"['.(((((((((((...)))))....)))))).', -2.0]",True,0.2055446268232018,"[(-2.0, '.(((((((((((...)))))....)))))).')]",1,1
Spiral,.....((((.((((((.(((.(((((.((((.((((.((.((.((.((.((.((.....)))))))))))))))))))))))))))))))))))))).....,AAAAAAACAAUGUUAUGAGUAUAUAACAAAUUGUCGAGUUACAUGAGUAUGACUAAAAAAGCAACCGGUACCGAUAUUUUUAUAACUAUAACGUGUUAAAAA,0.1946687698364257,0,"['.....((((.((((((.(((.(((((.((((.((((.((.((.((.((.((.((.....)))))))))))))))))))))))))))))))))))))).....', -15.600000381469727]",True,0.1542211337787854,"[(-15.600000381469727, '.....((((.((((((.(((.(((((.((((.((((.((.((.((.((.((.((.....)))))))))))))))))))))))))))))))))))))).....'), (-15.600000381469727, '.....((((.((((((.(((.(((((.((((.((((.(.(((.((.((.((.((.....)))))))))))))))))))))))))))))))))))))).....'), (-15.600000381469727, '.....((((.((((((.(((.(((((.(((.(((((.((.((.((.((.((.((.....)))))))))))))))))))))))))))))))))))))).....'), (-15.600000381469727, '.....((((.((((((.(((.(((((.(((.(((((.(.(((.((.((.((.((.....)))))))))))))))))))))))))))))))))))))).....'), (-15.600000381469727, '.....(((.(((((((.(((.(((((.((((.((((.((.((.((.((.((.((.....)))))))))))))))))))))))))))))))))))))).....'), (-15.600000381469727, '.....(((.(((((((.(((.(((((.((((.((((.(.(((.((.((.((.((.....)))))))))))))))))))))))))))))))))))))).....'), (-15.600000381469727, '.....(((.(((((((.(((.(((((.(((.(((((.((.((.((.((.((.((.....)))))))))))))))))))))))))))))))))))))).....'), (-15.600000381469727, '.....(((.(((((((.(((.(((((.(((.(((((.(.(((.((.((.((.((.....)))))))))))))))))))))))))))))))))))))).....')]",8,1
InfoRNA bulge test,.............................((((......((((....((((...((((..((((.((((.....)).)).)).))..)).))...)).)).....)).))......)).)).,AAAAAAAAAAAAAAAAAAAAAAAAAAAAAAGCCAAAAAAGCUGAAAAGGAUAAAGGAGAAAUCAAGAGUAAAAAACAUCAUGCAUAACUACCAAAGUACCAAAAACACGCAAAAAAGGACUA,0.2821338176727295,0,"['.............................((((......((((....((((...((((..((((.((((.....)).)).)).))..)).))...)).)).....)).))......)).)).', -4.400000095367432]",True,0.1277066916704214,"[(-4.400000095367432, '.............................((((......((((....((((...((((..((((.((((.....)).)).)).))..)).))...)).)).....)).))......)).)).')]",1,1
Worm 1,.......(.(.(.(.(.((.((.(....).)).)).).).).).),AAAAAAAACGAGAGUCAGCAAUACGAAAGAAUAGCAGUCACAUGU,0.1712980270385742,1,"['.......(((.(.(.(.((.((.(....).)).)).).).).)))', -0.4000000059604645]",False,0.2758720583863487,"[(-0.4000000059604645, '.......(((.(.(.(.((.((.(....).)).)).).).).)))')]",1,0
just down to 1 bulge,.....((((.(((((....))))).(((....))).)).))....((((.(((....))).(((....))).))))....................,AAAAAGCGGAAGUAUAAAAAUACUAGAGAAAACUCACCAGCAAAACAUCAGUGAAAACACAGAGAAAACUCAGAUGAAAAAAAAAAAAAAAAAAAA,0.1612865924835205,0,"['.....((((.(((((....))))).(((....))).)).))....((((.(((....))).(((....))).))))....................', -9.300000190734863]",True,0.0508915818297111,"[(-9.300000190734863, '.....((((.(((((....))))).(((....))).)).))....((((.(((....))).(((....))).))))....................')]",1,1
Iron Cross,.(((.(((...(((.(((...))).(((....))).)))...(((.(((....))).(((...))).)))...(((.(((....))).(((...))).)))...))).(((...))).)))..,AGCUAGACAAAGGCAAGGAAACCUAAACAAAAGUUAGCCAAACCCAGAAAAAAUUCAGGUAACGCCAGGGCAAGGGACACAAACGUGAGUGAAACACACCCAAAGUCAACCAAAGGUAAGCAA,0.8184089660644531,0,"['.(((.(((...(((.(((...))).(((....))).)))...(((.(((....))).(((...))).)))...(((.(((....))).(((...))).)))...))).(((...))).)))..', -14.300000190734863]",True,0.3428312727920964,"[(-14.300000190734863, '.(((.(((...(((.(((...))).(((....))).)))...(((.(((....))).(((...))).)))...(((.(((....))).(((...))).)))...))).(((...))).)))..')]",1,1
loops and stems,.....(((((((...((((...((((...((((.........(((((............)))))...))))....((((..........))))...))))...(((........)))...))))..((......))...))))))).....,AAAAAUAUUUAUAAAAGACAAAGGUAAAAAGCAAAAAAAAAAUUUCAAAAAAAAAAAAAUGAAAAAAUGCUAAAAAUUGAAAAAAAAAACAAUAAAUACCAAAAUGAAAAAAAACAUAAAGUCUAAUCGAAAAAGAAAAAUAAAUAAAAAA,0.5198838710784912,0,"['.....(((((((...((((...((((...((((.........(((((............)))))...))))....((((..........))))...))))...(((........)))...))))..((......))...))))))).....', -3.9000000953674316]",True,0.1882308287937242,"[(-3.9000000953674316, '.....(((((((...((((...((((...((((.........(((((............)))))...))))....((((..........))))...))))...(((........)))...))))..((......))...))))))).....')]",1,1
Water Strider,.....((.((..(((((.(((....)))(((....)))))).....((((((....)))(((....))).)))))..)).)).....................,AAAAAAAAGUUUUACUCAGCCAAAAGGCAGGAAAACCUGAGGAAAUGGGAGCGAAAGCUAGGAAAACCUACCCUAAAAUUUUAAAAAAAAAAAAAAAAAAAAA,1.7496259212493896,1,"['.....((((((((((((.(((....)))(((....)))))).....((((((....)))(((....))).)))))))))))).....................', -14.5]",False,0.245550992213357,"[(-14.5, '.....((((((((((((.(((....)))(((....)))))).....((((((....)))(((....))).)))))))))))).....................')]",1,0
The Turtle(s) Move(s),...((....))....(((((((((.........)))))))))....((((.....)))).....(((....)))...(((((.......)))))....(((...((....)).....(((....)))....((((((.......))))))....(((....))).....((((((....(((.......)))..(((........)))...(((((......)))))...((((.....))))..)))))).........((....)).....((....))......(((((..........)))))......))),AAGAUAAAAGUAAAAUUAAAAAUUAAAAAAAAAAAUUUUUAAAAAAGUGGAAAAAUCACAAAAAGCAAAAAUGCAAAAUUGGAAAAAAACCAAUAAAAACCAAACGAAAACGGAAACUCCAAAAGGAUAACUAUAUAAAAAAAAUAUAUAAAAAUGAAAACUCAAAAAAUUACAUAAAAUGCCAAAAAAGCAAAUCUAAAAAAAAAGAAAAUUAAAAAAAAAUUUAAAAAAUACAAAAAGUAUAAAUGUAAAAAAAAAAAGGAAAACCAAACAGCAAAAGCAAAAAACCUUAAAAAAAAAAAUAAGGCAAAAGGGU,4.271167278289795,1,"['...............(((((((((.........)))))))))....((((.....)))).....(((....)))...(((((.......)))))....(((...((....)).....(((....)))....((((((.......))))))....(((....))).....((((((....(((.......)))..(((........)))...(((((......)))))...((((.....))))..)))))).........((....)).....((....))......(((((..........)))))......)))', -23.700000762939453]",False,0.1541741042272008,"[(-23.700000762939453, '...............(((((((((.........)))))))))....((((.....)))).....(((....)))...(((((.......)))))....(((...((....)).....(((....)))....((((((.......))))))....(((....))).....((((((....(((.......)))..(((........)))...(((((......)))))...((((.....))))..)))))).........((....)).....((....))......(((((..........)))))......)))')]",1,0
Adenine,(((((.((((((.((((((.((((((.((((((.((((((....((((((......)))))).)))))).(((((...(((((((...)))))))))))).)))))).((((((((((((...)))))))...))))).))))))....))))))....))))))....))))),UCAAAAAUAAUUAAUAUUUAUGGGUUAUUUGCUAUAAAGUCAAAUUAUUUAAAAAAAAAUAAAACUUUAAGGUAUGAAAUGUUAAAAAUUAAUAUAUAUCAAGCAAAAAAUAUAUUUAAGAAACUUAAAUCAAAUAUUAAACCUAAAAAAAAUAUAAAAAAUUAUAAAAUUUGA,0.5938327312469482,0,"['(((((.((((((.((((((.((((((.((((((.((((((....((((((......)))))).)))))).(((((...(((((((...)))))))))))).)))))).((((((((((((...)))))))...))))).))))))....))))))....))))))....)))))', -16.299999237060547]",True,0.2676819827590089,"[(-16.299999237060547, '(((((.((((((.((((((.((((((.((((((.((((((....((((((......)))))).)))))).(((((...(((((((...)))))))))))).)))))).((((((((((((...)))))))...))))).))))))....))))))....))))))....)))))')]",1,1
Tripod5,..((((((((.....))))((((.....))))))))..,AAUGGAAACAAAAAAUGUUUAGAAAAAAUCUAUCCAAA,0.0332932472229003,0,"['..((((((((.....))))((((.....))))))))..', -2.5]",True,0.2012624665516618,"[(-2.5, '..((((((((.....))))((((.....))))))))..')]",1,1
Shortie 6,((....)).((....)).((....)).((....)),GCAAAAGCAGGAAAACCACCAAAAGGACCGAAAGG,0.0715730190277099,0,"['((....)).((....)).((....)).((....))', -2.0999999046325684]",True,0.1799342104824167,"[(-2.0999999046325684, '((....)).((....)).((....)).((....))')]",1,1
Runner,.....((((.((((.....((((...)))).))))...(((..((((((...)))...)))((((((...)))...))).)))...(((...(((....))).))).)))).....,AAAAAAACUAGGGUAAAAAAUCUAAAAGAUAACCCAAAGACAAGGCCGUAACACGUAAGCCGCCGCUAAAAGCCAAGGCAGUCAAAGAUUAUCUGUAAACAGCAUCAAGUUAAAAA,0.5156760215759277,0,"['.....((((.((((.....((((...)))).))))...(((..((((((...)))...)))((((((...)))...))).)))...(((...(((....))).))).)))).....', -15.600000381469727]",True,0.1689262939294106,"[(-15.600000381469727, '.....((((.((((.....((((...)))).))))...(((..((((((...)))...)))((((((...)))...))).)))...(((...(((....))).))).)))).....')]",1,1
Recoil,.....(((((..((..((..(((..(((..((..((...)).)).))).))).)).)).))))).....................,AAAAAACUAUAACAAACUAAUCUAAUUGAACCAAGCAAAGCAGGACAAAGGAAAGAUGAAUAGUAAAAAAAAAAAAAAAAAAAAA,0.0997602939605712,0,"['.....(((((..((..((..(((..(((..((..((...)).)).))).))).)).)).))))).....................', -2.200000047683716]",True,0.2385428146015358,"[(-2.200000047683716, '.....(((((..((..((..(((..(((..((..((...)).)).))).))).)).)).))))).....................')]",1,1
[CloudBeta] An Arm and a Leg 1.0,.....(((.(((((....)).)))(((.((....))))).)))....................,AAAAAAGCAUCGAGAAAACUACGAAGAACAAAAAUGUCUAGCUAAAAAAAAAAAAAAAAAAAA,0.0504803657531738,0,"['.....(((.(((((....)).)))(((.((....))))).)))....................', -2.4000000953674316]",True,0.0996493343308928,"[(-2.4000000953674316, '.....(((.(((((....)).)))(((.((....))))).)))....................'), (-2.4000000953674316, '.....(((.(((((....)).)))((.(((....))))).)))....................')]",2,1
[CloudBeta] 5 Adjacent Stack Multi-Branch Loop,(((((((((....))))(((((....)))))(((((....)))))((((....))))))))).,UAUCACUUAAAAAUAAGUAAUGAAAACAUUAAAUUUAAAAGAAUUAUAGAAAACUAUUGAUAA,0.0252637863159179,0,"['(((((((((....))))(((((....)))))(((((....)))))((((....))))))))).', -3.5]",True,0.2413714815495648,"[(-3.5, '(((((((((....))))(((((....)))))(((((....)))))((((....))))))))).')]",1,1
Triple Y,.....((((((((((((....))))((((....))))))))((((((((....))))((((....))))))))))))....................,AAAAAGGAAGACUCAGAAACAUCUGACAAGAAAUUGUAGUCCCAUGUAUAAAAAUACAAACGAAAGUUUAUGGUUCCAAAAAAAAAAAAAAAAAAAA,0.2668461799621582,0,"['.....((((((((((((....))))((((....))))))))((((((((....))))((((....))))))))))))....................', -10.300000190734863]",True,0.1869352449458872,"[(-10.300000190734863, '.....((((((((((((....))))((((....))))))))((((((((....))))((((....))))))))))))....................')]",1,1
Misfolded Aptamer,((((......(((((...))).((....)).........)).....)))),ACCUAAAAAGGACCGAAACGGGGCGAAAGCAAAAAAAAUUCCAAAAAGGU,0.3220529556274414,1,"['((((.....((((((...))).((....)).........)))....))))', -6.099999904632568]",False,0.1878132969799053,"[(-6.099999904632568, '((((.....((((((...))).((....)).........)))....))))'), (-6.099999904632568, '((((.....(((((......))((....)).........)))....))))')]",2,0
Flower power,.....((((((((...)))).((((((((...))))..((((...))))..((((...)))))))).((((...))))))))....................,AAAAAAUACGAUCAAAGAUCCUAGGUCAUAAAAUGAAAGAGAAAAUCUCAUACUGAAACAGUCCUAAAGGUAAAACCUGUAUAAAAAAAAAAAAAAAAAAAA,0.3041925430297851,0,"['.....((((((((...)))).((((((((...))))..((((...))))..((((...)))))))).((((...))))))))....................', -10.5]",True,0.1376105575056957,"[(-10.5, '.....((((((((...)))).((((((((...))))..((((...))))..((((...)))))))).((((...))))))))....................')]",1,1
Kudzu,.....(((.(..(.(((((.((((.((...)))).))))((((((...)).))))..(((...)))...))).)..).)))....................,AAAAAUAAGGAAGAGUGGCAUCUCAGGAAACCGACGAGCGAAGCCAAAGGACUUCUGUUGAAACAACCACACACAACUUUAAAAAAAAAAAAAAAAAAAAA,1.308335781097412,1,"['.....(((((..(.(((((.((((.((...)))).))))((((((...)).)))).((((...))))..))).)..)))))....................', -11.0]",False,0.3042958712697017,"[(-11.0, '.....(((((..(.(((((.((((.((...)))).))))((((((...)).)))).((((...))))..))).)..)))))....................')]",1,0
"1,2,3and4bulges",.....((((.(((((....))....))).(((....))).)).))....((((.(((....)...)).(((....))).))..))....................,AAAAACCCCACACCCAAAAGGAAAAGUGAGCUAAAAAGCAGGAGGAAAGAUGCACCGGAAACCUAGGAGAUAAAAAUCAGCACAUGAAAAAAAAAAAAAAAAAAA,0.7015459537506104,1,"['.....((((.(((((....))....))).(((....))).)).)).....(((.((.........)).(((....))).))).......................', -5.699999809265137]",False,0.2763872814195077,"[(-5.699999809265137, '.....((((.(((((....))....))).(((....))).)).)).....(((.((.........)).(((....))).))).......................')]",1,0
medallion,((((((.((((((....)))))).(((....))).(((....))).((((((....)))))).(((....))).((((((....)))))).(((....))).(((....))).((((((....)))))).(((....))).((((((....)))))).(((....))).(((....))).((((((....)))))).(((....))).((((((....)))))).(((....))).(((....))).((((((....)))))).(((....))).((((((....)))))).(((....))).(((....))).((((((....)))))).)))))),AUUAUAAAAUUAUAAAAAUAAUUAGUAAAAAUACAACUACAAAGUAAAAUUUAAUAAAAUUUAUGUAAAAACAAAAAAAAACAAUUUUUUACCUAACAAGGAUUCAAAAGAAAUUUAAUAAAAAUUAAAAGAAAAAAUUCAAAUUUUAAAAAAAAUUAAACAAAAGUUCGAUAAAAAUCAGUAAAAAAAAUUUUACAUGUAAAAACAAUUUAAUAAAAAUUAAAAUUCAAAAGAAAAACAAAAGUUAUAAAUAAAAAUAUUUAAAUCAAAAGAUAUAUUUAAAAAUAAAUAAAGAAAAAUCUAUUCAAAAGAAAUUUAAAAAAAUUUAAAAUAUAAU,4.123689889907837,0,"['((((((.((((((....)))))).(((....))).(((....))).((((((....)))))).(((....))).((((((....)))))).(((....))).(((....))).((((((....)))))).(((....))).((((((....)))))).(((....))).(((....))).((((((....)))))).(((....))).((((((....)))))).(((....))).(((....))).((((((....)))))).(((....))).((((((....)))))).(((....))).(((....))).((((((....)))))).))))))', -19.200000762939453]",True,0.3019746095767425,"[(-19.200000762939453, '((((((.((((((....)))))).(((....))).(((....))).((((((....)))))).(((....))).((((((....)))))).(((....))).(((....))).((((((....)))))).(((....))).((((((....)))))).(((....))).(((....))).((((((....)))))).(((....))).((((((....)))))).(((....))).(((....))).((((((....)))))).(((....))).((((((....)))))).(((....))).(((....))).((((((....)))))).))))))')]",1,1
[RNA] Repetitious Sequences 8/10,.((......((......))......((......((......))......((......))......))......)).....,ACCAAAAAACCGAAAAAGGAAAAAAGCAAAAAAGCGAAAAAGCAAAAAAGGAAAAAACCAAAAAAGCAAAAAAGGAAAAA,0.4134714603424072,1,"['.((......((......))..............((......))......((......))..............)).....', -3.799999952316284]",False,0.1113969016553269,"[(-3.799999952316284, '.((......((......))..............((......))......((......))..............)).....')]",1,0
Documenting repetitious behavior,.......((.........((.........((.........((.........((.........((.........((.........((.........((.........((.........((.........((.........((.........((.........((.........((.........((.........((.........)).........)).........)).........)).........)).........)).........)).........)).........)).........)).........)).........)).........)).........)).........)).........)).........)).........))......,AAAAAAAGCAAAAAAAAAGCAAAAAAAAAGGAAAAAAAAAGGAAAAAAAAAGGAAAAAAAAAGGAAAAAAAAAGCAAAAAAAAAGGAAAAAAAAAGGAAAAAAAAAGGAAAAAAAAAGGAAAAAAAAAGGAAAAAAAAAGGAAAAAAAAAGGAAAAAAAAAGGAAAAAAAAAGGAAAAAAAAAGCAAAAAAAAACCAAAAAAAAAGGAAAAAAAACGCAAAAAAAAACCAAAAAAAAACCAAAAAAAAACCGAAAAAAAACCAAAAAAAAACCAAAAAAAAACCAAAAAAAAACCAAAAAAAAACCAAAAAAAAACCAAAAAAAAAGCAAAAAAAAACCAAAAAAAAACCAAAAAAAAACCAAAAAAAAACCAAAAAAAAAGCAAAAAAAAAGCAAAAAA,10.614530801773071,0,"['.......((.........((.........((.........((.........((.........((.........((.........((.........((.........((.........((.........((.........((.........((.........((.........((.........((.........((.........)).........)).........)).........)).........)).........)).........)).........)).........)).........)).........)).........)).........)).........)).........)).........)).........)).........))......', -4.699999809265137]",True,0.0417049682275306,"[(-4.699999809265137, '.......((.........((.........((.........((.........((.........((.........((.........((.........((.........((.........((.........((.........((.........((.........((.........((.........((.........((.........)).........)).........)).........)).........)).........)).........)).........)).........)).........)).........)).........)).........)).........)).........)).........)).........)).........))......')]",1,1
7 multiloop,(((((((((....)))))(((((....)))))(((((....)))))(((((....)))))(((((....)))))(((((....))))))))),UCAAGAAAUAAAAAUUUCAUAUGAAAACAUAUUAUAUAAAAAUAUAAAAGAAAAAUCUUUGCAAAAAAAUUUGUUACUAAAAAUAGUAUUGA,0.0883259773254394,0,"['(((((((((....)))))(((((....)))))(((((....)))))(((((....)))))(((((....)))))(((((....)))))))))', -9.899999618530273]",True,0.1036865496930549,"[(-9.899999618530273, '(((((((((....)))))(((((....)))))(((((....)))))(((((....)))))(((((....)))))(((((....)))))))))')]",1,1
Kyurem 7,.....((((((((((....)))(((....((((.(((.....))).((((((......)))...))))))))))))).))))....................,AAAAAUUUUAGUUCCAAAAGGGGGAAAACUACCUGACGUAAAGUUGAGCUCUGAAAAAAGAAAAGCUGGUAUCCGCUAAAAAAAAAAAAAAAAAAAAAAAAA,0.7305748462677002,1,"['.....((((((((((....)))(((....((((.(((.....))).((((((......)))...))))))))))))))))).....................', -11.199999809265137]",False,0.264324694778873,"[(-11.199999809265137, '.....((((((((((....)))(((....((((.(((.....))).((((((......)))...))))))))))))))))).....................')]",1,0
JF1,(((((((((((.(((((..(((((....((((((..(((((...(((((..((((((.((((((((((((((....))))))))))))))..(((....))).(((((((((....)))))))))..(((((....))))).)))))).))))).))))).))))))...((((((((.....))).)))))..((((((((((((((((((((((((....)))))))))))))).))))))))))...(((((......)))))((((((((((....))))))))))...((((....))))..)))))..))))).((((.(((.(((....)))))))))).(((((((((....))))).)))).)))).))).))))...,AAUUGAUGUAAAAAUAACAUUUCUAAAAUAUUAAACUUUUAAAAAUUAAAAUGUAAGAAUAUAUAAAUAAAAAAAAUUUUAUUUAUAUAUAAAUCAAAAGAUAAAUUAUUAUAAAAAUAAUAAUUAAACAUAAAAAUAUGUCCUUACAAUUAAUAUAAAAAUUAAUAAAAUAAAAUGGAAAAACUACUUUUAAAUUUUUAUAUAAAUUUAUUAUAUUUAAAAAAAUAUAAUAAAUUAUAUAUAAAAAAAAUAAUAAAAAAAUAUUAAUAAUAAAAAAAAAUUUUUAUUAUAAAAUCUAAAAAGAUAAAGAGAAUUUAUUAAAGAAUGAUACAAAAAUGUUCGUCUUAACUUAUUAAAAAAUUAAUAAAGUAUUACAAUCUAAUUAAA,5.757202625274658,0,"['(((((((((((.(((((..(((((....((((((..(((((...(((((..((((((.((((((((((((((....))))))))))))))..(((....))).(((((((((....)))))))))..(((((....))))).)))))).))))).))))).))))))...((((((((.....))).)))))..((((((((((((((((((((((((....)))))))))))))).))))))))))...(((((......)))))((((((((((....))))))))))...((((....))))..)))))..))))).((((.(((.(((....)))))))))).(((((((((....))))).)))).)))).))).))))...', -57.79999923706055]",True,0.1957933302558516,"[(-57.79999923706055, '(((((((((((.(((((..(((((....((((((..(((((...(((((..((((((.((((((((((((((....))))))))))))))..(((....))).(((((((((....)))))))))..(((((....))))).)))))).))))).))))).))))))...((((((((.....))).)))))..((((((((((((((((((((((((....)))))))))))))).))))))))))...(((((......)))))((((((((((....))))))))))...((((....))))..)))))..))))).((((.(((.(((....)))))))))).(((((((((....))))))).)).))))).)).))))...'), (-57.79999923706055, '(((((((((((.(((((..(((((....((((((..(((((...(((((..((((((.((((((((((((((....))))))))))))))..(((....))).(((((((((....)))))))))..(((((....))))).)))))).))))).))))).))))))...((((((((.....))).)))))..((((((((((((((((((((((((....)))))))))))))).))))))))))...(((((......)))))((((((((((....))))))))))...((((....))))..)))))..))))).((((.(((.(((....)))))))))).(((((((((....))))))).)).)))).))).))))...'), (-57.79999923706055, '(((((((((((.(((((..(((((....((((((..(((((...(((((..((((((.((((((((((((((....))))))))))))))..(((....))).(((((((((....)))))))))..(((((....))))).)))))).))))).))))).))))))...((((((((.....))).)))))..((((((((((((((((((((((((....)))))))))))))).))))))))))...(((((......)))))((((((((((....))))))))))...((((....))))..)))))..))))).((((.(((.(((....)))))))))).(((((((((....)))))).))).))))).)).))))...'), (-57.79999923706055, '(((((((((((.(((((..(((((....((((((..(((((...(((((..((((((.((((((((((((((....))))))))))))))..(((....))).(((((((((....)))))))))..(((((....))))).)))))).))))).))))).))))))...((((((((.....))).)))))..((((((((((((((((((((((((....)))))))))))))).))))))))))...(((((......)))))((((((((((....))))))))))...((((....))))..)))))..))))).((((.(((.(((....)))))))))).(((((((((....)))))).))).)))).))).))))...'), (-57.79999923706055, '(((((((((((.(((((..(((((....((((((..(((((...(((((..((((((.((((((((((((((....))))))))))))))..(((....))).(((((((((....)))))))))..(((((....))))).)))))).))))).))))).))))))...((((((((.....))).)))))..((((((((((((((((((((((((....)))))))))))))).))))))))))...(((((......)))))((((((((((....))))))))))...((((....))))..)))))..))))).((((.(((.(((....)))))))))).(((((((((....))))).)))).))))).)).))))...'), (-57.79999923706055, '(((((((((((.(((((..(((((....((((((..(((((...(((((..((((((.((((((((((((((....))))))))))))))..(((....))).(((((((((....)))))))))..(((((....))))).)))))).))))).))))).))))))...((((((((.....))).)))))..((((((((((((((((((((((((....)))))))))))))).))))))))))...(((((......)))))((((((((((....))))))))))...((((....))))..)))))..))))).((((.(((.(((....)))))))))).(((((((((....))))).)))).)))).))).))))...'), (-57.79999923706055, '(((((((((((.(((((..(((((....((((((..(((((...(((((..((((((.((((((((((((((....))))))))))))))..(((....))).(((((((((....)))))))))..(((((....))))).)))))).))))).))))).))))))...((((((((.....))).)))))..((((((((((((((((((((((((....)))))))))))))).))))))))))...(((((......)))))((((((((((....))))))))))...((((....))))..)))))..))))).(((.((((.(((....)))))))))).(((((((((....))))))).)).))))).)).))))...'), (-57.79999923706055, '(((((((((((.(((((..(((((....((((((..(((((...(((((..((((((.((((((((((((((....))))))))))))))..(((....))).(((((((((....)))))))))..(((((....))))).)))))).))))).))))).))))))...((((((((.....))).)))))..((((((((((((((((((((((((....)))))))))))))).))))))))))...(((((......)))))((((((((((....))))))))))...((((....))))..)))))..))))).(((.((((.(((....)))))))))).(((((((((....))))))).)).)))).))).))))...'), (-57.79999923706055, '(((((((((((.(((((..(((((....((((((..(((((...(((((..((((((.((((((((((((((....))))))))))))))..(((....))).(((((((((....)))))))))..(((((....))))).)))))).))))).))))).))))))...((((((((.....))).)))))..((((((((((((((((((((((((....)))))))))))))).))))))))))...(((((......)))))((((((((((....))))))))))...((((....))))..)))))..))))).(((.((((.(((....)))))))))).(((((((((....)))))).))).))))).)).))))...'), (-57.79999923706055, '(((((((((((.(((((..(((((....((((((..(((((...(((((..((((((.((((((((((((((....))))))))))))))..(((....))).(((((((((....)))))))))..(((((....))))).)))))).))))).))))).))))))...((((((((.....))).)))))..((((((((((((((((((((((((....)))))))))))))).))))))))))...(((((......)))))((((((((((....))))))))))...((((....))))..)))))..))))).(((.((((.(((....)))))))))).(((((((((....)))))).))).)))).))).))))...'), (-57.79999923706055, '(((((((((((.(((((..(((((....((((((..(((((...(((((..((((((.((((((((((((((....))))))))))))))..(((....))).(((((((((....)))))))))..(((((....))))).)))))).))))).))))).))))))...((((((((.....))).)))))..((((((((((((((((((((((((....)))))))))))))).))))))))))...(((((......)))))((((((((((....))))))))))...((((....))))..)))))..))))).(((.((((.(((....)))))))))).(((((((((....))))).)))).))))).)).))))...'), (-57.79999923706055, '(((((((((((.(((((..(((((....((((((..(((((...(((((..((((((.((((((((((((((....))))))))))))))..(((....))).(((((((((....)))))))))..(((((....))))).)))))).))))).))))).))))))...((((((((.....))).)))))..((((((((((((((((((((((((....)))))))))))))).))))))))))...(((((......)))))((((((((((....))))))))))...((((....))))..)))))..))))).(((.((((.(((....)))))))))).(((((((((....))))).)))).)))).))).))))...')]",12,1
multilooping fun,((.(..(.(....).(....).)..).(....).)),GCAGGACGGGAAACGGGAAACGGGACAGGAAACAGC,0.8045051097869873,1,"['...(..(.(...........).)..)..........', -1.399999976158142]",False,0.3579991075338077,"[(-1.399999976158142, '...(..(.(...........).)..)..........')]",1,0
Multiloop...,((((.((((.(((....))).(((....))).(((....))).(((....))).(((....))).(((....))).)))).(((((......)))))(((....))))))),AGCUAAUCCAUUCAAAAGAAAGAAAAAAUUCAGUUAAAAAACACUAAAAAUAGAACUAAAAAGUAUACAAAAGUAAGGAUAUGAAAAAAAAAUUUCAAGCAAAAGCUGGCU,0.4491310119628906,0,"['((((.((((.(((....))).(((....))).(((....))).(((....))).(((....))).(((....))).)))).(((((......)))))(((....)))))))', -8.100000381469727]",True,0.206800311166054,"[(-8.100000381469727, '((((.((((.(((....))).(((....))).(((....))).(((....))).(((....))).(((....))).)))).(((((......)))))(((....)))))))')]",1,1
hard Y,.....((((((.((((((((....))))))).)))((((((((((....)))))))))))))).....,AAAAAUCUCAGACAUAAUAAAAAAUUAUUGUUGCUUAUUAUUUAAAAAAUUAAAUAAUAGAGAAAAAA,0.4117739200592041,1,"['.....((((((..(((((((....)))))))..))((((((((((....)))))))))))))).....', -9.199999809265137]",False,0.1256116095018788,"[(-9.199999809265137, '.....((((((..(((((((....)))))))..))((((((((((....)))))))))))))).....')]",1,0
Mat - Elements & Sections,.....((((.(...(.((((.(.((((.((.((((.((.(((....))).).)))))).)))))....).)))).)...).))))....................,AAAAAAAACAGAAACAUGAUACAUUAGCACGCACGUGGAUUCAAAAGAAACGCCGUGGAUCUAAAAAAGAAUCAAGGAGCAGUUUAAAAAAAAAAAAAAAAAAAA,1.9658901691436768,1,"['.....((((.(...(.((((...((((.(..((((..(.(((....))).)..))))..)))))......)))).)...).))))....................', -9.399999618530273]",False,0.1435165575658459,"[(-9.399999618530273, '.....((((.(...(.((((...((((.(..((((..(.(((....))).)..))))..)))))......)))).)...).))))....................')]",1,0
Chicken feet,.....((.((.((...)).((...))...)))).((.((.((...)).((...))...)))).....,AAAAAGCAGAAGGAACCCUCGAAACGAAAUCGCUGGACGUGCAAAGCUGGAAACCAAACGCCAUAAA,1.3255987167358398,1,"['....(((.(((((...)))..........)))))((.(((.................))))).....', -4.599999904632568]",False,0.4127562903043508,"[(-4.599999904632568, '....(((.(((((...)))..........)))))((.(((.................))))).....')]",1,0
Bug 18,.((.((.((.((..((..((.((...))..)).)).))..))..))....)).,AGCGGCACGACGGAGGAAUAAGCAAAGCAUUAACCACGAACGAAGCAAAUGCA,0.3410475254058838,1,"['.(((((.((.((..((..(((((...)).))).)).))..))..))...))).', -4.0]",False,0.2961530019768854,"[(-4.0, '.(((((.((.((..((..(((((...)).))).)).))..))..))...))).'), (-4.0, '.(((((.((.((..((.....((...)).....)).))..))..))...))).')]",2,0
Fractal star x5,.....((((((((..((((....))))..((((....))))..((((....))))..((((....))))..)))))))).....((((((((..((((....))))..((((....))))..((((....))))..((((....))))..)))))))).....((((((((..((((....))))..((((....))))..((((....))))..((((....))))..)))))))).....((((((((..((((....))))..((((....))))..((((....))))..((((....))))..)))))))).....((((((((..((((....))))..((((....))))..((((....))))..((((....))))..)))))))).....,AAAAAUAUUCAAUAAAAGUAAAAACUUAAAUCUAAAAAGAUAAUGUUAAAAAACAAAUUUGAAAACAAAAAAUUGAAUAAAAAAAUUACAAUAAAAACAAAAGUUUAAAACUAAAAAGUUAAUUCUAAAAAGAAAAUAGCCAAAGUUAAAAUUGUAAUAAAAAAAUUAUUAAAGUUAGAAAUAAUAAAUAGAAACCUAUAAUAACAAAAGUUAAAUGUAAAAAUACAAAUAAUAAUUAAAAAUAAUCUAAACGGUGUAAACAUCACUUCAUAAUUGAAAAGAUAAACAUAUUUCAUGAAAAAUCAUAAUUAGAUUAAAAAAAAUUAAUAAAUAUUGAAAAAUAAAGACUAAAAAGUUAAGUUUAAAAAAACAAACAUAAAAAUGUAAUAUUAAUUAAAAA,17.508519887924194,1,"['.....((((((((..((((....))))..((((....))))..((((....))))..((((....))))..)))))))).....((((((((..((((....))))..((((....))))..((((....))))..((((....))))..)))))))).....((((((((..((((....))))..((((....))))..((((....))))..((((....))))..)))))))).....((((((((..((((....))))..((((....)))).(((((....))))).((((....))))..)))))))).....((((((((..((((....))))..((((....))))..((((....))))..((((....))))..)))))))).....', -34.599998474121094]",False,0.2775866812670653,"[(-34.599998474121094, '.....((((((((..((((....))))..((((....))))..((((....))))..((((....))))..)))))))).....((((((((..((((....))))..((((....))))..((((....))))..((((....))))..)))))))).....((((((((..((((....))))..((((....))))..((((....))))..((((....))))..)))))))).....((((((((..((((....))))..((((....)))).(((((....))))).((((....))))..)))))))).....((((((((..((((....))))..((((....))))..((((....))))..((((....))))..)))))))).....')]",1,0
Crop circle 2,((...((....((.....((.........((..............................))...............)).........)).......))....))....,GCAAAGCAAACCCAAAAUCCAAAAAAAACGCGAAAAAAAAAAAAAAAAAAAAAAAAAAAAAGCGAAAAAAAAAAAAAAGGAAAAAAAAAGGGAAAAAGGCAAAAGCAAAA,1.692487716674805,1,"['((...((...(((....(((........(((..............................)))..............)))........)))......))....))....', -2.9000000953674316]",False,0.1206899436729445,"[(-2.9000000953674316, '((...((...(((....(((........(((..............................)))..............)))........)))......))....))....')]",1,0
Branching Loop,.(((((........)((((....))))..)))).......,AUCCAGGAAAAAAACAUCAAAAAUGAUAAUGGAAAAAAAA,0.0990104675292968,1,"['.((((..........((((....))))..)))).......', -2.299999952316284]",False,0.1410518088922478,"[(-2.299999952316284, '.((((..........((((....))))..)))).......')]",1,0
Bug 38,.((.((.((..((.(...).)).))..))....)).,AGUACCAGAUAGCCGAAACUGCGUCAAGGAAAUACA,0.299067735671997,1,"['.(((((.(((.((.......)))))..))...))).', -1.899999976158142]",False,0.2753116759012669,"[(-1.899999976158142, '.(((((.(((.((.......)))))..))...))).')]",1,0
Simple Single Bond,......(.........((((.....)))).........)......................,AAAAAACGAAAAAAAAGAAAAAAAAUUUCAAAAAAAAAGGAAAAAAAAAAAAAAAAAAAAA,0.0620191097259521,1,"['................((((.....))))................................', -0.30000001192092896]",False,0.1200985322532392,"[(-0.30000001192092896, '................((((.....))))................................')]",1,0
Taraxacum officinale,((((....).))).((((....).))).((((....).))).((((....).))).((((....).))).((((....).))).((((((((((((((((((((((...)))).))))))).(((((..((((((((((..(((((((...))))))).))))))))))((((.((((((...)))))))))))))))...))))))))))).((((....).))).((((....).))).((((....).))).((((....).))).((((....).))),GAGGAAACCCCUCUUCUGUAAUCAAGAUGCCCGAAAGUGGCGGCCCGAAAGUGGCAGUGGUAAUCGCACAGUUCGAAAGUAGCAUAUAUAAUAUAUAAUUAUUAGAAAAUCUACAUAAUUAAAUAUCAAAAGUUUUUAAAAUAUUAAUAAAAUUAAUAAUUAAAAAUUUGUAACUUUUUAAAAUAAAAAUUACGAUAUAACUAUAUUAUAUAACUCCAAAGGUGAGGACAGUAAUCCUGUAGUAGACAUCAUGCAUAUGUAAUCAAUAAAAGCAAAAGGCUU,386.75882601737976,1,"['((((.....))))............(((((((....).))).((((....).))).(((.......))).((((....).))).((((((((((((((((((((((...)))).))))))).(((((..((((((((((..(((((((...))))))).))))))))))((((.((((((...)))))))))))))))...))))))))))).((((....).))).((((.....)))).(((.......))).......))).....((((.....))))', -45.099998474121094]",False,0.3165997693540465,"[(-45.099998474121094, '((((.....))))............(((((((....).))).((((....).))).(((.......))).((((....).))).((((((((((((((((((((((...)))).))))))).(((((..((((((((((..(((((((...))))))).))))))))))((((.((((((...)))))))))))))))...))))))))))).((((....).))).((((.....)))).(((.......))).......))).....((((.....))))'), (-45.099998474121094, '((((.....))))............(((((((....).))).((((....).))).(((.......))).((((....).))).((((((((((((((((((((((...)))).))))))).(((((..((((((((((..(((((((...))))))).))))))))))((((.((((......)))).)))))))))...))))))))))).((((....).))).((((.....)))).(((.......))).......))).....((((.....))))')]",2,0
Headless Bug on Windshield,.((.((.....(((((...((.(((.........................))).))...))).))...)).)).(((..(((..((.......((....)).......)))))......))).(((((.......(((..((..(((..((.(((...............)))..))..)))..)).)))..))..))).,AGAAAAAAAAAGGAGUAAAAGAUGAAAAAAAAAAAAAAAAAAAAAAAAAAUCAGCUAAAACUACCAAAUUUUCAGGAAAGGGAAGUGAAAAAAGGAAAACCAAAAAAAGCCCCAAAAAAUCCACAACGUACAAAAAACGAGUAAACAAAGCAGUAAAAAAAAAAAAAAAAUACAAGCAAUGUGGACAGUUAUCGUGUUGA,4.215331554412842,1,"['.(((((.....(((((...((.(((.........................))).))...))).))...))))).(((..(((..((.......((....)).......)))))......))).(((((.......(((..((..(((..((.(((...............)))..))..)))..)).)))....))))).', -13.300000190734863]",False,0.2082185113081147,"[(-13.300000190734863, '.(((((.....(((((...((.(((.........................))).))...))).))...))))).(((..(((..((.......((....)).......)))))......))).(((((.......(((..((..(((..((.(((...............)))..))..)))..)).)))....))))).')]",1,0
Pokeball,...(((((((....((..((..(((..((..((..((..((..((..((...)).))..)).)).))..)).))).)).)))))))))........(((((((....((..((..(((..((..((..((..((..((..((...)).))..)).)).))..)).))).)).)))))))))...,AAAUUAAAUCAAAAGCAAGUAAGACGAUGAAUCAAGUAAUGAAGUAAGCAAAGCAACCACAAACAGAAACAAGUCAACAGCGAUUUAAAAAAAAAAAUUUAUAAAACCAAAUGAACCGAAGUAAAGAAACAAUCAACGAAGCAAAGCGCGAAGAAGUACUAAACCCGGACAAUGUAUAAAUAAA,0.6706061363220215,0,"['...(((((((....((..((..(((..((..((..((..((..((..((...)).))..)).)).))..)).))).)).)))))))))........(((((((....((..((..(((..((..((..((..((..((..((...)).))..)).)).))..)).))).)).)))))))))...', -5.900000095367432]",True,0.2881821794408691,"[(-5.900000095367432, '...(((((((....((..((..(((..((..((..((..((..((..((...)).))..)).)).))..)).))).)).)))))))))........(((((((....((..((..(((..((..((..((..((..((..((...)).))..)).)).))..)).))).)).)))))))))...')]",1,1
Variation of a crop circle,....((....((....((....((..((..((...))..))....))......)).......)).........)).............,AAAACCGAAACCAAAACCAAAAGCUGUCAAGGAAACCAAGAAAAUGCAAAAAAGGAAAAAAUGGGAAAAAAAAGGGAAAAAAAAAAAA,0.8933603763580322,1,"['..........(((...((....((..((..((...))..))....))......))......)))........................', -1.7000000476837158]",False,0.2083805931664493,"[(-1.7000000476837158, '....((..........(((...((..((..((...))..))....))..............))).........)).............'), (-1.7000000476837158, '....((..........(((...((..((..((...))..))....))..............)))..........))............'), (-1.7000000476837158, '..........(((...((....((..((..((...))..))....))......))......)))........................')]",3,0
Loop next to a Multiloop,..((((((((.......(.((((((....)))))).(((((((....))))))).).......))))))))..,AAUAUAAAAUAAAAAAACAAUUAAUAAAAAUUAAUAUUUAUAUAAAAAUAUAAACGGAAAAAAAUUUUAUAAA,0.2501330375671386,1,"['..((((((((.........((((((....)))))).(((((((....))))))).........))))))))..', -4.0]",False,0.1163045587988865,"[(-4.0, '..((((((((.........((((((....)))))).(((((((....))))))).........))))))))..')]",1,0
Snowflake 4,((((...))))(((((((....))(((((..(((((((....))(((((((((...))))..((((...)))))))))((....)))))))..(((((((....))(((((((((...))))..((((...)))))))))((....)))))))..(((((((....))(((((((((...))))..((((...)))))))))((....)))))))..(((((((....))(((((((((...))))..((((...)))))))))((....)))))))..(((((((....))(((((((((...))))..((((...)))))))))((....)))))))..)))))((....)))))))((((...)))),GCACAAAGUGCAAGUUGGAAACCCGUAGUUACAAGUUCAAAAGAGACAUAGGUAAAACCUCACAGAAAAUCUGAUGUCGCAAAAGCACUUGAAUCGUCUGGAAACAGUUCCCUAUAAAAUAGAAGUUAAAAUAACGGAACGCGAAAGCGAUGAAAGAACUCGGAAACGGCUAUUCGACAAUCGAUAGAGAAAAUCUCAUAGCGCAAAAGCAGUUCAAAUACCUGGAAACAGUAGCUGAGAAACUCAAUAUUCAAAGAAUGCUACGCGAAAGCGGUAUAAAACCUUCAAACGAGAGUGGCACAAAGUGCACGAUAAAAUAUCCACUCGCAAACGCAGGUUAUGCUACCCAAAAGGAACUUAGCCAAAGGCU,211.4487495422364,1,"['((((...))))(((((((....))(((((..(((((........(((((((((...))))..((((...)))))))))........)))))..(((((((....))(((((((((...))))..((((...)))))))))((....)))))))..(((((((....))(((((((((...))))..((((...)))))))))((....)))))))..(((((((....))(((((((((...))))..((((...)))))))))((....)))))))..(((((........(((((((((...))))..((((...)))))))))........)))))..)))))((....)))))))((((...))))', -72.69999694824219]",False,0.2937490632001165,"[(-72.69999694824219, '((((...))))(((((((....))(((((..(((((........(((((((((...))))..((((...)))))))))........)))))..(((((((....))(((((((((...))))..((((...)))))))))((....)))))))..(((((((....))(((((((((...))))..((((...)))))))))((....)))))))..(((((((....))(((((((((...))))..((((...)))))))))((....)))))))..(((((........(((((((((...))))..((((...)))))))))........)))))..)))))((....)))))))((((...))))')]",1,0
Mat - Cuboid,(..((....((..((....((..((....(..((..((....((..((..((....(..((..((..((....((..((..((..((....((..((..((..((..((....((..((..((..((..((....((..((..((..((..((..((....((..((..((..((..((..((....((..((..((..((..((..((......))..))..))..))..))..))))..))..))..))..))..))))..))..))..))..))..))))..))..))..))..))))..))..))..))..))))..))..))..))))..))..))..)))..))..))))..))..)))..))))..))))..),CAAGGAAAACAACUCAAAACUAUUACAGAAGAAGGAUUAAAAGAGACCAAGUAACAGAACGAAUCAACUAAAAGGACCGAACAAAGUAAAAUCAACAAAAGAACCAAGGCAAAGCAAGGAAACAAGUAAACUAAAGGUAUGAAGGAAACAAGGAAGAAAAAGAAAACAAGCAAGGAAGGAGCCAAACGAAAGAAAAGAAAGAAGGAAUGAAAAAACAAACCAACUAACUAAUUAAUCGGAACCAACUAAGCAAGUAAUCUCAACCAAGUAACCAACAAUCCGUGAACACGUAACCAAGCCCAAGGGACUAAUGAAGAAUAAUGAACGAACCAGAAGAAACGAGCGCAAGGAGUCAAGACUAGUUAAUAGGAGGUGCCAGG,112.77867937088013,1,"['...((....((.(((....((((((....(..((..((....((..((..((....(..((..((..((....((..((..((..((....((..((..((..((..((....((..((..((..((..((....((..((..((..((..((..((....((..((..((..((..((..((....((..((..((..((..((..((......))..))..))..))..))..))))..))..))..))..))..))))..))..))..))..))..))))..))..))..))..))))..))..))..))..))))..))..))..))))..))..))..)))..))..))))..))..)))))))))).))))...', -22.600000381469727]",False,0.3150187707936187,"[(-22.600000381469727, '...((....((.(((....((((((....(..((..((....((..((..((....(..((..((..((....((..((..((..((....((..((..((..((..((....((..((..((..((..((....((..((..((..((..((..((....((..((..((..((..((..((....((..((..((..((..((..((......))..))..))..))..))..))))..))..))..))..))..))))..))..))..))..))..))))..))..))..))..))))..))..))..))..))))..))..))..))))..))..))..)))..))..))))..))..)))))))))).))))...')]",1,0
Misfolded Aptamer 6,......(((......((((..(....(((........)))....).....)))).......)))...........,AAAAAAUCCAAAAAAGAUAAGCGAAACACAAAAAAAAGUGAAAAGAAAAAUAUCAAAAAAAGGAAAAAAAAAAAA,0.1032977104187011,0,"['......(((......((((..(....(((........)))....).....)))).......)))...........', -2.5999999046325684]",True,0.0579023728559396,"[(-2.5999999046325684, '......(((......((((..(....(((........)))....).....)))).......)))...........')]",1,1
Snowflake 3,(((((....)).((((((....)))..((((.((((..(((....)))(((.((....))(((...)))((....)).)))(((....)))..)))).((((..(((....)))(((.((....))(((...)))((....)).)))(((....)))..)))).((((..(((....)))(((.((....))(((...)))((....)).)))(((....)))..)))).((((..(((....)))(((.((....))(((...)))((....)).)))(((....)))..)))).((((..(((....)))(((.((....))(((...)))((....)).)))(((....)))..)))).))))..(((....)))))).((....))))),GAUCGGAAACGGAGAUGGAAAACCAAAGUACAGUUCAAGUAAAAAUACGACACCAAAAGGGCUAAAAGCGGAAAUCCAGUCACCAAAAGGUAAGAACAUCGGAACCUAAAAAGGAUCACCGUAGGGGGCAAAGCCGCGAAAGCAGAUGACAAAAGUCGGCCGAAAGAGAAAGCAAAAGCUGUCGGUGAAAACGCGAAACGCCAUAAUUGUGACACCAAAAGGUAACUCUAUCCCAAAGCAAAAGCUCGCAGCAAAAGCGUCCAAGACCCAAAAGGAGCGACGAAAACGUAAGGGAACAUCAAAGAAAAAUCUGGCAUCGAAAGAGGAAAAUCCGGGAAACCAGCCUGCAAAAGCAAAGAUGAGUACACGCCAAAAGGCUCUACAGAAAUGGUU,254.319352388382,1,"['(((((.......((((((....)))..((((.((((..(((....)))(((.((....))(((...)))((....)).)))(((....)))..)))).((((..(((....)))....((....))(((...)))((....))....(((....)))..)))).((((..(((....)))((((........(((...)))........))))(((....)))..)))).((((..(((....)))(((.((....))(((...)))((....)).)))(((....)))..)))).((((..(((....)))(((.((....))(((...)))((....)).)))(((....)))..)))).))))..(((....)))))).......)))))', -69.5999984741211]",False,0.3266919601043436,"[(-69.5999984741211, '(((((.......((((((....)))..((((.((((..(((....)))(((.((....))(((...)))((....)).)))(((....)))..)))).((((..(((....)))....((....))(((...)))((....))...((((....)))).)))).((((..(((....)))((((........(((...)))........))))(((....)))..)))).((((..(((....)))(((.((....))(((...)))((....)).)))(((....)))..)))).((((..(((....)))(((.((....))(((...)))((....)).)))(((....)))..)))).))))..(((....)))))).......)))))'), (-69.5999984741211, '(((((.......((((((....)))..((((.((((..(((....)))(((.((....))(((...)))((....)).)))(((....)))..)))).((((..(((....)))....((....))(((...)))((....))....(((....)))..)))).((((..(((....)))((((........(((...)))........))))(((....)))..)))).((((..(((....)))(((.((....))(((...)))((....)).)))(((....)))..)))).((((..(((....)))(((.((....))(((...)))((....)).)))(((....)))..)))).))))..(((....)))))).......)))))')]",2,0
Hard Y and a bit more,.....(((((((.(((((....)))).)))(((((.((..((((....))))..(((((......)))))..)).))))))))))....................,AAAAAUUCUACGACAGAUAAAAAUCUCGCGACAUUACAAAAAUCAAAAGAUUAAUUAUUAAAAAAAAUAAAAUGAAAUGUUAGAAAAAAAAAAAAAAAAAAAAAA,0.518789529800415,1,"['.....(((((((..((((....))))..))(((((.((..((((....))))..(((((......)))))..)).))))))))))....................', -4.800000190734863]",False,0.1783491243587858,"[(-4.800000190734863, '.....(((((((..((((....))))..))(((((.((..((((....))))..(((((......)))))..)).))))))))))....................')]",1,0
Mat - Lot 2-2 B,(..(((..((((..((....((..((((....))....))..))))..))....))..))((..((..((..((((..((....((..((((..((....((....))))..))....))..))))..))((..((..((....))((..((((..((....((..((((....))....))..))))..))....))..))))..))..))..))((..((....((..((((..((....((....))))..))....))..))))..))))..))..)..),GCACGCGCCCUCAAUGAAAAUCAACCCGAUAUCGAAAAGGCAGACAGAGACAAAGGAAGCGUAACUAUUCUACGGUAAUCAAAAGUAUUCGGAGCCAUAAGCAAAAGCGGACCCUAAAGAUGAUGAGAACGGACCCAAGCAAAAGCGCAACCCCAAGGCAAAGGAAGAACGAAAGUCAAAUCAACCCCAAGGAAAAGGAAGCGGAUCCAACGAAGAGACCCACAAAGCAAUAUUACCUAAAAGCAAAAGCAGGGAAACUAUAAGGCUGAGUCAGAGACAAGGAC,286.00232553482056,1,"['..((((..(((.........((..((((....))....))..)).........)))..))))......(((.((((..(((.........((..((....((....))))..)).........)))..))(((.((..((....))((..((((..((....((..((((....))....))..))))..))....))..)))).)))..)).)))(((.((....((..(((..(((....((....)))))......)))..)))).)))............', -28.600000381469727]",False,0.4652285060016988,"[(-28.600000381469727, '..((((..(((.........((..((((....))....))..)).........)))..))))......(((.((((..(((.........((..((....((....))))..)).........)))..))(((.((..((....))((..((((..((....((..((((....))....))..))))..))....))..)))).)))..)).)))(((.((....((..(((..(((....((....)))))......)))..)))).)))............'), (-28.600000381469727, '..((((..(((.........((..((((....))....))..)).........)))..))))......(((.((((..(((.........((..((....((....))))..)).........)))..))(((.((..((....))((..((((..((....((..((((....))....))..))))..))....))..)))).)))..)).)))(((.(....(((..(((..(((....((....)))))......)))..)))).)))............'), (-28.600000381469727, '..((((..(((.........((..((((....))....))..)).........)))..))))......(((.((((..(((.........((..((....((....))))..)).........)))..))(((.((..((....))((..((((..((....((..((((....))....))..))))..))....))..)))).)))..)).)))(((......(((..(((..(((....((....)))))......)))..)))..)))............')]",3,0
Shapes and Energy,......(.((((.((((....(...((((.(....).))))...)))))..((......((((....)))))).)))).).....................,AAAAAGCGCAACAAUUCGAAAACAAUGAAGGAAAACGUUCAAAGUGAAUAUGGUAAAAAGUUAAAAAUAACCCAGUUGAGAAAAAAAAAAAAAAAAAAAAA,1.6671984195709229,1,"['......(.((((.((((....((..((((.(....).))))..)))))).(((......((((....))))))))))).).....................', -5.199999809265137]",False,0.1758827708847612,"[(-5.199999809265137, '......(.((((.((((....((..((((.(....).))))..)))))).(((......((((....))))))))))).).....................')]",1,0
Spiral of 5's,(....(((((...(((((...(((((....(((((...(((((...(((((..(((((....(((((...(((((...(((((..(((((...(((((...(((((..(((((...(((((..(((((..(((((..(((((..(((((.(((((.((((((((((.....))))).....))))).....))))).....))))).....))))).....))))).....))))).....))))).....))))).....))))).....))))).....))))).....))))).....))))).....))))).....))))).....))))).....))))).....))))).....))))).....))))).....))))).....).....,GGAAAUUAGUAAAUUAGAAAAUUAACAAAAAAUUUAAAUACUAAAAUAAUUAAUAAUGAAAAAGAUUGAAUAAUUAAAAAUCAAAGUAUUAAAAAUUUAAAUGUCUAAAUACGAAAAAAGAAACUUUUGAUUGAGAAGAUUAAAACAUUAUUAUUAGAAAUAAUUAAAAAAUAAUUCAAAAAUUUCAAAAAAAUAAAAAAAAAUGUAAAAAUAAUCAAAAACUCAAAAAAAAAAAGAAAAAUCUUUAAAAACGUAUAAAAAAGACAAAAAAAAAUUAAAAAAAUACAAAAAUGAUUAAAAAAAUUAAAAAAAAUCUAAAAACAUUAAAAAAAAUUAAAAAAUAGUAAAAAAAAAUUAAAAAGUUAAAAAAAUCUAAAAAAAACUAAAAAAACAAAAA,7.459919452667236,1,"['.....(((((...(((((...(((((....(((((...(((((...(((((..(((((....(((((...(((((...(((((..(((((...(((((...(((((..(((((...(((((..(((((..(((((..(((((..(((((.(((((.((((((((((.....))))).....))))).....))))).....))))).....))))).....))))).....))))).....))))).....))))).....))))).....))))).....))))).....))))).....))))).....))))).....))))).....))))).....))))).....))))).....))))).....))))).....)))))...........', -21.299999237060547]",False,0.2948185430053726,"[(-21.299999237060547, '.....(((((...(((((...(((((....(((((...(((((...(((((..(((((....(((((...(((((...(((((..(((((...(((((...(((((..(((((...(((((..(((((..(((((..(((((..(((((.(((((.((((((((((.....))))).....))))).....))))).....))))).....))))).....))))).....))))).....))))).....))))).....))))).....))))).....))))).....))))).....))))).....))))).....))))).....))))).....))))).....))))).....))))).....))))).....)))))...........')]",1,0
Campfire,....((((..(((((..((((..((((.....))))((((((...))).)))))))((((((.((.((.(((((....)).)))))))(((((.((.((.((....))))))((((.(((....)).)).)))..)).)))))).))))))))(((.(((.(((.((((....))))))))))((((((((...))).)).))).))))))),AAAAUAGCAAAUAUCAAAUCCAAUAGAAAAACUCUAGUACAUAAAAUGAUACGGAUGUAUGCGCAUGAAGUUUCAAAAGACAACUCUGCUCCGACCCUUAGUAAAAACAAGGUCUCGAUCAAAAGAUUGCAGGAACGGGAGGCAUUACGAUAUGGCAUGAAUUGAUUAUAAAAAUAACAAUCAAACGUCUUAAAAAGAACAGUUAGCCGCUA,25.703304529190063,1,"['....((((..(((((..((((..((((.....))))((((((...))).)))))))(((((((((.((.(((((....)).))))))))((((..((((.((....))))))((((((((....))))).)))..))))..))).))))))))(((.(((.(((.((((....))))))))))((((((((...))).)).))).)))))))', -28.299999237060547]",False,0.3506987133085722,"[(-28.299999237060547, '....((((..(((((..((((..((((.....))))((((((...))).)))))))(((((((((.((.(((((....)).))))))))((((..((((.((....))))))((((((((....))))).)))..))))..)))).)))))))(((.(((.(((.((((....))))))))))((((((((...)))).).))).)))))))'), (-28.299999237060547, '....((((..(((((..((((..((((.....))))((((((...))).)))))))(((((((((.((.(((((....)).))))))))((((..((((.((....))))))((((((((....))))).)))..))))..)))).)))))))(((.(((.(((.((((....))))))))))((((((((...))).)).))).)))))))'), (-28.299999237060547, '....((((..(((((..((((..((((.....))))((((((...))).)))))))(((((((((.((.(((((....)).))))))))((((..((((.((....))))))((((((((....))))).)))..))))..)))).)))))))(((.(((.(((.((((....))))))))))(((.((((...))))...))).)))))))'), (-28.299999237060547, '....((((..(((((..((((..((((.....))))((((((...))).)))))))(((((((((.((.(((((....)).))))))))((((..((((.((....))))))((((((((....))))).)))..))))..)))).)))))))(((.((.((((.((((....))))))))))((((((((...)))).).))).)))))))'), (-28.299999237060547, '....((((..(((((..((((..((((.....))))((((((...))).)))))))(((((((((.((.(((((....)).))))))))((((..((((.((....))))))((((((((....))))).)))..))))..)))).)))))))(((.((.((((.((((....))))))))))((((((((...))).)).))).)))))))'), (-28.299999237060547, '....((((..(((((..((((..((((.....))))((((((...))).)))))))(((((((((.((.(((((....)).))))))))((((..((((.((....))))))((((((((....))))).)))..))))..)))).)))))))(((.((.((((.((((....))))))))))(((.((((...))))...))).)))))))'), (-28.299999237060547, '....((((..(((((..((((..((((.....))))((((((...))).)))))))(((((((((.((.(((((....)).))))))))((((..((((.((....))))))((((((((....))))).)))..))))..))).))))))))(((.(((.(((.((((....))))))))))((((((((...)))).).))).)))))))'), (-28.299999237060547, '....((((..(((((..((((..((((.....))))((((((...))).)))))))(((((((((.((.(((((....)).))))))))((((..((((.((....))))))((((((((....))))).)))..))))..))).))))))))(((.(((.(((.((((....))))))))))((((((((...))).)).))).)))))))'), (-28.299999237060547, '....((((..(((((..((((..((((.....))))((((((...))).)))))))(((((((((.((.(((((....)).))))))))((((..((((.((....))))))((((((((....))))).)))..))))..))).))))))))(((.(((.(((.((((....))))))))))(((.((((...))))...))).)))))))'), (-28.299999237060547, '....((((..(((((..((((..((((.....))))((((((...))).)))))))(((((((((.((.(((((....)).))))))))((((..((((.((....))))))((((((((....))))).)))..))))..))).))))))))(((.((.((((.((((....))))))))))((((((((...)))).).))).)))))))'), (-28.299999237060547, '....((((..(((((..((((..((((.....))))((((((...))).)))))))(((((((((.((.(((((....)).))))))))((((..((((.((....))))))((((((((....))))).)))..))))..))).))))))))(((.((.((((.((((....))))))))))((((((((...))).)).))).)))))))'), (-28.299999237060547, '....((((..(((((..((((..((((.....))))((((((...))).)))))))(((((((((.((.(((((....)).))))))))((((..((((.((....))))))((((((((....))))).)))..))))..))).))))))))(((.((.((((.((((....))))))))))(((.((((...))))...))).)))))))'), (-28.299999237060547, '....((((..(((((..((((..((((.....))))((((((...))).)))))))(((((((((.(.((((((....)).))))))))((((..((((.((....))))))((((((((....))))).)))..))))..)))).)))))))(((.(((.(((.((((....))))))))))((((((((...)))).).))).)))))))'), (-28.299999237060547, '....((((..(((((..((((..((((.....))))((((((...))).)))))))(((((((((.(.((((((....)).))))))))((((..((((.((....))))))((((((((....))))).)))..))))..)))).)))))))(((.(((.(((.((((....))))))))))((((((((...))).)).))).)))))))'), (-28.299999237060547, '....((((..(((((..((((..((((.....))))((((((...))).)))))))(((((((((.(.((((((....)).))))))))((((..((((.((....))))))((((((((....))))).)))..))))..)))).)))))))(((.(((.(((.((((....))))))))))(((.((((...))))...))).)))))))'), (-28.299999237060547, '....((((..(((((..((((..((((.....))))((((((...))).)))))))(((((((((.(.((((((....)).))))))))((((..((((.((....))))))((((((((....))))).)))..))))..)))).)))))))(((.((.((((.((((....))))))))))((((((((...)))).).))).)))))))'), (-28.299999237060547, '....((((..(((((..((((..((((.....))))((((((...))).)))))))(((((((((.(.((((((....)).))))))))((((..((((.((....))))))((((((((....))))).)))..))))..)))).)))))))(((.((.((((.((((....))))))))))((((((((...))).)).))).)))))))'), (-28.299999237060547, '....((((..(((((..((((..((((.....))))((((((...))).)))))))(((((((((.(.((((((....)).))))))))((((..((((.((....))))))((((((((....))))).)))..))))..)))).)))))))(((.((.((((.((((....))))))))))(((.((((...))))...))).)))))))'), (-28.299999237060547, '....((((..(((((..((((..((((.....))))((((((...))).)))))))(((((((((.(.((((((....)).))))))))((((..((((.((....))))))((((((((....))))).)))..))))..))).))))))))(((.(((.(((.((((....))))))))))((((((((...)))).).))).)))))))'), (-28.299999237060547, '....((((..(((((..((((..((((.....))))((((((...))).)))))))(((((((((.(.((((((....)).))))))))((((..((((.((....))))))((((((((....))))).)))..))))..))).))))))))(((.(((.(((.((((....))))))))))((((((((...))).)).))).)))))))'), (-28.299999237060547, '....((((..(((((..((((..((((.....))))((((((...))).)))))))(((((((((.(.((((((....)).))))))))((((..((((.((....))))))((((((((....))))).)))..))))..))).))))))))(((.(((.(((.((((....))))))))))(((.((((...))))...))).)))))))'), (-28.299999237060547, '....((((..(((((..((((..((((.....))))((((((...))).)))))))(((((((((.(.((((((....)).))))))))((((..((((.((....))))))((((((((....))))).)))..))))..))).))))))))(((.((.((((.((((....))))))))))((((((((...)))).).))).)))))))'), (-28.299999237060547, '....((((..(((((..((((..((((.....))))((((((...))).)))))))(((((((((.(.((((((....)).))))))))((((..((((.((....))))))((((((((....))))).)))..))))..))).))))))))(((.((.((((.((((....))))))))))((((((((...))).)).))).)))))))'), (-28.299999237060547, '....((((..(((((..((((..((((.....))))((((((...))).)))))))(((((((((.(.((((((....)).))))))))((((..((((.((....))))))((((((((....))))).)))..))))..))).))))))))(((.((.((((.((((....))))))))))(((.((((...))))...))).)))))))')]",24,0
Anemone,...((((((....))))))(((((....)))))((((((....))))))(((((....)))))((((((....))))))(((((....)))))(((((....)))))((((((....)))))).(((((....)))))((((((....))))))(((((....)))))((((((....))))))(((((....)))))((((((....)))))),AUGCACUUUAAAAAAAGUGCCCUUAUAAAAGGGGUAUGUAAAAACAUACGGUAAAUAAUUACCGCUAAUAAAAAUUAGCAUGCAAAAAUGCAUUCUAUAAAAAUAGAAACAAAAAAAUUUGUUAUUUCAAAAAUGAAAACUUAUAAAAAUAAGUGACCUAAAAAGGUCCCUAAGCAAACUUAGGGCAUCAAAAGAUGCGGAAAAAAAAUUUUCC,4.390073299407959,1,"['..(((((((....))))))(((((....)))))((((((....))))))(((((....)))))((((((....))))))(((((....)))))(((((....)))))((((((....)))))).(((((....)))))((((((....))))))(((((....)))))((((((....))))))(((((....))))).(((((....))))))', -61.599998474121094]",False,0.0864928140041479,"[(-61.599998474121094, '..(((((((....))))))(((((....)))))((((((....))))))(((((....)))))((((((....))))))(((((....)))))(((((....)))))((((((....)))))).(((((....)))))((((((....))))))(((((....)))))((((((....))))))(((((....))))).(((((....))))))')]",1,0
Fractal 3,.....((((.(((.((....))((....)).))).(((.((....))((....)).))).(((.((....))((....)).))).(((.((....))((....)).))).)))).....,AAAAAUACAAGCUGAUGAAAAUUAAAUUUAAAGCAGUUACCAAACGGGCAAAUGCAAGCUGUUACCGGAGGGGCCAAGGCGAACGUAGAGGAAACCCGCAAAAGCACUACUGUAAAAAA,20.099042415618896,1,"['.....((((...((((....)))).......(((((((.((....))((....)).))))))).((....))((....))....((((.((....))((....)).)))))))).....', -14.899999618530273]",False,0.4820813645297181,"[(-14.899999618530273, '.....(((((((((...(((......)))....))))).((....))((....))..(((....((....)).....)))....((((.((....))((....)).)))))))).....'), (-14.899999618530273, '.....(((((((((...(((......)))....))))).((....))((....))..(((.....(((.(...((...((....))...))...))))....))).....)))).....'), (-14.899999618530273, '.....((((...((((....)))).......(((((((.((....))((....)).))))))).((....))((....))....((((.((....))((....)).)))))))).....')]",3,0
Kyurem 5,.....((((((((((....)))(((....((((((((...(((.....)))))))(((......))).))))))))))..))))....................,AAAAAAGCUACUGGAAAAAUCCGCUCAAAAGGGAUCGAAAGCUAAAAAAGCCGAUGUAAAAAUAUGCACCCUAGCAGUAAAGCUAAAAAAAAAAAAAAAAAAAA,0.5027837753295898,0,"['.....((((((((((....)))(((....((((((((...(((.....)))))))(((......))).))))))))))..))))....................', -13.399999618530273]",True,0.1478700287506453,"[(-13.399999618530273, '.....((((((((((....)))(((....((((((((...(((.....)))))))(((......))).))))))))))..))))....................')]",1,1
Snowflake Necklace ( or v2.0 ),(((((((((((((((.(((((.((.....)).((.....)).((.....)).((.....)).((.....)).))))).(((.....))).(((((.((.....)).((.....)).((.....)).((.....)).((.....)).))))).(((.....))).(((((.((.....)).((.....)).((.....)).((.....)).((.....)).))))).(((.....))).(((((.((.....)).((.....)).((.....)).((.....)).((.....)).))))).(((.....))).(((((.((.....)).((.....)).((.....)).((.....)).((.....)).))))).))))))))))))))),AUUAUUAAAAAAAAUAUCAUCAGGAAAAACCAGCAAAAAGCACCAAAAAGGAGGAAAAACCAGCAAAAAGCAGAUGAAUUCAAAAAGAAAGAGCAACCAAAAAGGACCAAAAAGGAGCAAAAAGCAGGAAAAACCAUCGAAAAGAAUGUUCAGUAAAAUAUACGAUGACGACUAAAUGUAGCAAAACGCAGCAAAAAGCACCAAAAAGGAGGAAAAACCAGUCAUAGAUAAAAAAUCAGGGGUAGCAAAAAGCCGGAAAAACCAGGAAAAGCCAGCAAAAAGCACCAAAAAGGAACCCUAUCAAAAAAUGAAGGAAUAGCAAAAAGCCGUGAAAAACAGAGAAACUCCGCAAAACGCAAGAAAAUCUAAUUCCAAUUUUUUUUAAUAAU,15.212136507034302,1,"['(((((((((((((((.(((((.((.....)).((.....)).((.....)).((.....)).((.....)).))))).(((.....))).(((((.((.....)).((.....)).((.....)).((.....)).((.....)).))))).(((.....))).(((((.((.....)).((.....)).((.....)).((.....)).((.....)).))))).(((.....))).(((((.((.....)).((.....)).((.....)).((.....)).((.....)).))))).(((.....))).(((((.((.....)).((.....)).(((...))).((.....))...........))))).)))))))))))))))', -47.79999923706055]",False,0.2070447928380299,"[(-47.79999923706055, '(((((((((((((((.(((((.((.....)).((.....)).((.....)).((.....)).((.....)).))))).(((.....))).(((((.((.....)).((.....)).((.....)).((.....)).((.....)).))))).(((.....))).(((((.((.....)).((.....)).((.....)).((.....)).((.....)).))))).(((.....))).(((((.((.....)).((.....)).((.....)).((.....)).((.....)).))))).(((.....))).(((((.((.....)).((.....)).(((...))).((.....)).(((...))).))))).)))))))))))))))'), (-47.79999923706055, '(((((((((((((((.(((((.((.....)).((.....)).((.....)).((.....)).((.....)).))))).(((.....))).(((((.((.....)).((.....)).((.....)).((.....)).((.....)).))))).(((.....))).(((((.((.....)).((.....)).((.....)).((.....)).((.....)).))))).(((.....))).(((((.((.....)).((.....)).((.....)).((.....)).((.....)).))))).(((.....))).(((((.((.....)).((.....)).(((...))).((.....))...........))))).)))))))))))))))')]",2,0
Methaqualone C16H14N2O Structural Representation,.......((((.((((.(((.(((....))).(((.(((....))).(((.(((....))).(((.(((....))).(((.......))).))).))).))).))).(...).)))).((((...((.(((...((...))........))).(((.(((....)))(((....)))(((....)))))).))...((((.(...).(((.(((.(((.(((.(((....(((....))).))).(((....))).))).(((....))).))).(((....))).))).((((((....)))(((....))).(((....)))))).))).))))...)))).)))).......,AAAAAAAUCGUAGUAAUGCCAACCUAAAGGUAGCCAGGUAAAAAUCACACUGACAAAAGUCGGGCAAUCAAAAGAUACGUAAAAAAAACGAGCCAGUGAGGCGGGCAAAAAUGUUACAAACCACGAUACUCAAGCGAAACGGAAAAAAAGAGAGCCACUAAAAAUAGGAGAAAACUCGGCAAUUGUCGGCAAUAAACUAGGUACAAUUGGAGUCCUGAACCCAGCAAAGAUCUAAAAAGAAUGCAACUAAAAAGUAGGGAGAUAAAAGUCAUCAGUUAGAAAUAAGGACCGUCUGCAUAAGCACUAAAAAUAGAAGUAAAAACUGACGCCAACUAGAAAGGUUAACGAAAAAAAA,384.97777700424194,1,"['.......((((.((((((((..(((...(((.....(((....)))...(((((....)))))...(((....))).(((.......))).)))....)))..))))......)))).((((......(((..................))).(((.(((....)))(((....)))(((....))))))......((((......((((.(((((...(((.(((....(((....))).))).(((....))).))).(((....)))..............)))))(((((((....)))(((....))).(((....)))))))))))))))...)))).)))).......', -45.099998474121094]",False,0.4333905344514842,"[(-45.099998474121094, '.......((((.((((((((..(((...(((.....(((....)))...(((((....)))))...(((....))).(((.......))).)))....)))..))))......)))).((((......(((..................))).(((.(((....)))(((....)))(((....))))))......((((......((((.(((((...(((.(((....(((....))).))).(((....))).))).(((....)))..............)))))(((((((....)))(((....))).(((....)))))))))))))))...)))).)))).......')]",1,0
Cat's Toy 2,....((((((((....((..(...................)..((...((....))...((....))........))......))))))))))....,AAAAUAAUAAAUACAACCAAGGAAAAAAAAAAAAAAAAAACAAGAGAAGGAAAACCAAAGCGAAAGUAAAAAAACUCAAAAAAGGAUUUAUUAAAAA,0.6965265274047852,1,"['....((((((((....((..............................((....))...((....))................))))))))))....', -1.899999976158142]",False,0.1650260510077091,"[(-1.899999976158142, '....((((((((....((..............................((....))...((....))................))))))))))....')]",1,0
Zigzag Semicircle,....((((((((.(....)).).).)))))....,AAAAGUAAAGGCACGAAAGGACACAUUUACAAAA,0.0972247123718261,1,"['....(((((((..(....)..).).)))))....', -2.0999999046325684]",False,0.1392249595005364,"[(-2.0999999046325684, '....(((((((..(....)..).).)))))....')]",1,0
Short String 4,......((.((..((..(...(.((.((....))))..)...(.((..((....))..))..)...).))..)))).....................,AAAAAAGGAGACGCUAACAAACGGAUGGAAAACCUCACGGAACUGUAAUCAAAAGAAAACUAGGAAGGAGAAUCCCAAAAAAAAAAAAAAAAAAAAA,1.7855708599090576,1,"['......((.((..((......((((.((....)))).))...((((..((....))..)).)).....))..)))).....................', -5.0]",False,0.2794941330955057,"[(-5.0, '......((.((..((......((((.((....)))).))...((((..((....))..)).)).....))..)))).....................')]",1,0
Gladius,(....)..(....(...(..(.(..(...(((.(((...((((....)))).(((((..(.(((..(.((((..(.((((..(.((((((((.((((((.(((((.((((.((((..((((...)))).))).)))))).))))).)))))).)))))))..).))))..).))))..).)))..).))))).)))...(((.(((((.(..(((.(..((((.(..((((.(..(((((((.((((((.(((((.((((((.(((.((((((....))))))..)))).)))).))))).)))))).)))))))).)..)))).)..)))).)..))).)..))))).((((....))))...))).)))...)..).)..)...)....)..(....),GGAAACAAGGAAACAAAGGAGUUAACAAAGCAGUUCAUAGUCUAAAAAGACCUUUUCAUGGAAUAAGGCUUUAAGGAAUAAAGGAUUUUUUCAUAAAACAUUUCCAUUAGCGCAUAAGAAUAAAAUUCAAUGACCUAGGUGAAGGAUUUUGGCAAAAAAUAACGUAUUAACGGAAGAACGAUUAACUGAAAGCGAACGACCCAUUUCAAGAAUUAGCGAAUUUGCGAGUAUGCGAUAUAUAGUGAUUAGUGAAGUACCAAGGCGUGAAUUUAUAAAAAUAAAUAACACCACUUGUGGCUUACCUAAUACCUAUAUAAGAAAUACAGAAAAAUAGAAUAAGCGGUGAAAAUAGUAAAAACUAAAAGGGAUGCAAAGGAAACAACAAGGGAACCAACGAAGG,1126.7502942085266,1,"['........((...(...(..(((..(...(((((((...((((....)))).((((((...(((....((((....((((....(((((((..(((((..(((((.((((..(((..((((...)))).)))..))))).))))..)))))..)))))))....))))....))))....)))...)))))).))))..(((.(((((....(((....((((....((((....(((((((..(((((..((((.(((((..(((.((((((....))))))..)))..)))).)))))..)))))..)))))))....))))....))))....)))....))))).((((....))))...))).)))...)..)))..)...)...))........', -53.900001525878906]",False,0.4552821735203725,"[(-53.900001525878906, '........((...(...(..(((..(...(((((((...((((....)))).((((((...(((....((((....((((....(((((((..(((((..(((((.((((..(((..((((...)))).)))..))))).))))..)))))..)))))))....))))....))))....)))...)))))).))))..(((.(((((....(((....((((....((((....(((((((..(((((..((((.(((((..(((.((((((....))))))..)))..)))).)))))..)))))..)))))))....))))....))))....)))....))))).((((....))))...))).)))...)..)))..)...)...))........'), (-53.900001525878906, '........((...(...(..(((..(...(((((((...((((....)))).((((((...(((....((((....((((....(((((((..(((((..(((((.((((..(((..((((...)))).)))..))))).))))..)))))..)))))))....))))....))))....)))...)))))).))))..(((.(((((....(((....((((....((((....(((((((..(((((..((((..((((..(((.((((((....))))))..)))..))))..))))..)))))..)))))))....))))....))))....)))....))))).((((....))))...))).)))...)..)))..)...)...))........'), (-53.900001525878906, '........((...(...(..(((..(...(((((((...((((....)))).((((((...(((....((((....((((....(((((((..(((((..((((..((((..(((..((((...)))).)))..))))..))))..)))))..)))))))....))))....))))....)))...)))))).))))..(((.(((((....(((....((((....((((....(((((((..(((((..((((.(((((..(((.((((((....))))))..)))..)))).)))))..)))))..)))))))....))))....))))....)))....))))).((((....))))...))).)))...)..)))..)...)...))........'), (-53.900001525878906, '........((...(...(..(((..(...(((((((...((((....)))).((((((...(((....((((....((((....(((((((..(((((..((((..((((..(((..((((...)))).)))..))))..))))..)))))..)))))))....))))....))))....)))...)))))).))))..(((.(((((....(((....((((....((((....(((((((..(((((..((((..((((..(((.((((((....))))))..)))..))))..))))..)))))..)))))))....))))....))))....)))....))))).((((....))))...))).)))...)..)))..)...)...))........')]",4,0
Thunderbolt,((..(((((........(.((..((.(.....(....).((((((((.........((......((((.....))))......))...((..((.......(..(......)..)..((..((.....(....).((((.....(((.....(..((.(...).))..).....))).((((...(.......(..(.((...)).)..).......)...))))........)))).....((((((...)))))).))..))...........))..)).........(..((....)((((((.....(........).....))))))..)..)...))))))))........).))..)).).....(.......).)))))..)).,GUAAAGAGUAAAAAAAAGCGUAAGUCGGAAAAGGAAACAUAAAUAUUAAAAAAAAAGCAAAAAAGUAAAAAAAUUACAAAAAAGCAAAGCAACCAAAAAAAGGACAAAAAAGAACUAGCAAGCAAAAAGGAAACAACACAAAAACUCAAAACGGAUGCGAAACACAAACAAAAAGAGACACUAAACGAAAAAGGAAGAGCAAAGCACGACAAAAAAAGGAAAGUGAAAAAAAAGUGUAAAAAAUAAUAAAAUAUUAUAGCAAGCAAAAAAAAAAAGGAAGCAAAAAAACAGGACGGAAACAAUAAUAAAAACAAAAAAAAGGAAAAAUUAUUAAGGACUCAAAUAUUUAAAAAAAAACGGCAAACACAAAAAGGAAAAAACAACUCUAAACA,150.4825258255005,1,"['((..(((((........(.((..((((............((((((((.........((......((((.....))))......))...((..((......((..(......)..)).((..((............((((.....(((.....(..((.......))..).....))).((((...(.......(..(.((...)).)..).......)...))))........)))).....((((((...)))))).))..))...........))..))........((..(......((((((.....(........).....))))))..)..))..))))))))........))))..)).).....(.......).)))))..)).', -15.300000190734863]",False,0.2329649828737677,"[(-15.300000190734863, '((..(((((........(.((..((((............((((((((.........((......((((.....))))......))...((..((......((..(......)..)).((..((............((((.....(((.....(..((.......))..).....))).((((...(.......(..(.((...)).)..).......)...))))........)))).....((((((...)))))).))..))...........))..))........((..(......((((((.....(........).....))))))..)..))..))))))))........))))..)).).....(.......).)))))..)).')]",1,0
Mutated chicken feet,.......((.((.((...)).((...))...)))).((.((.((...)).((...))...)))).((.((.((...)).((...))...)))).......,AAAAAAAGCAGGCCCAAAGGAACAAAGUGAACCGCACCAUCAGCAAAGCAGGAAACCGCAGAGGAGGCUUCGGAAUCCGGAAAAUCGAGGACUUCAAAAA,5.20209264755249,1,"['.......((.((..((...........))..))))............((.((...))))....(((((((((.............))))).)))).....', -11.399999618530273]",False,0.5379477135614597,"[(-11.399999618530273, '.......((.((.((...........(((.....))).....((...)).))...))))....((((((((((...........)))))).)))).....'), (-11.399999618530273, '.......((.((.((...........(((.....))).....((...)).))...))))....(((((((((.............))))).)))).....'), (-11.399999618530273, '.......((.((..((...........))..))))............((.((...))))....((((((((((...........)))))).)))).....'), (-11.399999618530273, '.......((.((..((...........))..))))............((.((...))))....(((((((((.............))))).)))).....')]",4,0
Chicken Tracks,........(((((((((((....))))..((((....))))..((((....)))))))))))..(((((((...))))..((((...))))..((((...))))))).........,AAAAAAAAUUUUUAUGUUAAAAAUAACAAACUUAAAAAAGUAAUAUCAAAAGAUAAUAAAAAAACACUAGUAAAACUAAAGUACAAAGUACAAGAUUAAAAAUCGUGUAAAAAAAA,0.2344145774841308,1,"['........(((((((((((....))))..((((....))))..((((....))))))))))).((((((((...))))..((((...))))..((((...))))))))........', -8.0]",False,0.2793135792202875,"[(-8.0, '........(((((((((((....))))..((((....))))..((((....))))))))))).((((((((...))))..((((...))))..((((...))))))))........'), (-8.0, '........(((((((((((....))))..((((....))))..((((....))))............((((...))))..((((...))))..((((...))))..)))))))...')]",2,0
Looking Back Again,(((..(((((((.....((((((...)))))).))))..((((((..(((...)))))).(((((...((((....))))....)))))..)))..)))..(((((((.....(((((....)))))......)))((((((((((...)))))(((((...)))))((((((((..(..(..(..(..(..((((....))))..).)..))..).))(((....)))..))))))...))))))))).(((((.((((......(((((((........((((.....))))))))...))).))))((((......((((((((....))))))..(((((...)).(((((...)))))..)))))....)))))))))...))),ACCAUUGAUCUCCAAAAGUUUAUAAAAUAAAUCGAGAAUGUGUAGAACCUAAAAGGCUACUAACAAAAAAAAAAAAUUUUAAAAUGUUAAACACGCUUAGACACUGACUAAAAAAUUAAAAAUAAUUAAAAAUGUCUUACCGUAUCAAAGAUACAUGCUAAAAGUAUAUUAGAGGGAGAAGAAGAGGGACGAUAAGAAAACUUAAAGACAGCUGACACCAUCAAAAGAUAAUCUAAUAAAGGUAAAGUGACUAUUAUUGCAAAAAAUCGUAUGAGAAAAAAGAUAGAAAAUAUCCGUACAACGAAGCAAGCAGAAAAAAGGAUUUUAAAAAUAAAAUAAGGCUCAAAGAAUACUAAAAUAGUAACGCCCCGAAACUGCGAUAGGAAGGU,372.3156113624573,1,"['(((.....((((.....((((((...)))))).))))....((((..(((...)))))))(((((...((((....))))....)))))........(((.(((((((.....(((((....)))))......)))((((((((((...)))))(((((...)))))((((((((.......((..(..(..((((....))))..).)..))....))(((....)))..))))))...))))))))).)))...((((........(((((........((((.....)))))))))......))))((((......((((((((....))))))..(((........(((((...)))))..)))))....))))........)))', -37.5]",False,0.379506489303905,"[(-37.5, '(((.....((((.....((((((...)))))).))))....((((..(((...)))))))(((((...((((....))))....)))))........(((.(((((((.....(((((....)))))......)))((((((((((...)))))(((((...)))))((((((((.......((..(..(..((((....))))..).)..))....))(((....)))..))))))...))))))))).)))...((((........(((((........((((.....)))))))))......))))((((......((((((((....))))))..(((........(((((...)))))..)))))....))))........)))'), (-37.5, '(((.....((((.....((((((...)))))).))))....((((..(((...)))))))(((((...((((....))))....)))))........(((.(((((((.....(((((....)))))......)))((((((((((...))))).((((...))))(((((((((.......((..(..(..((((....))))..).)..))....))(((....)))..)))))))..))))))))).)))...((((........(((((........((((.....)))))))))......))))((((......((((((((....))))))..(((........(((((...)))))..)))))....))))........)))')]",2,0
Multilooping 6,..(((((((((((((....)))))(((((....))))))))((((((((....)))))(((((....)))))))))))))..,AACAUUAAUCAUGCUAAAAAGCAUUAGAAAAAAUUCUAGAUGCCAUACUAAAAAGUAUUUGUUAAAAAACAAGGCUAAUGAA,0.4667708873748779,1,"['..(((((...(((((....)))))(((((....)))))...((((((((....)))))(((((....)))))))))))))..', -12.899999618530273]",False,0.2791771859649781,"[(-12.899999618530273, '..(((((...(((((....)))))(((((....)))))...((((((((....)))))(((((....)))))))))))))..')]",1,0
Cesspool,(..(..(....)..(((..(.(.(((...)))..)..)..)))..(..(....)..).(..(....)..).....(....)..)..)..(..(..(....)..(((..(.(.(((...)))..)..)..)))..(..(....)..).(..(....)..).....(....)..)..)..((..(..(....)..(((..(.(.(((...)))..)..)..)))..(..(....)..).(..(....)..).....(....)..)..))..((..(..(....)..(((..(.(.(((...)))..)..)..)))..(..(....)..).(..(....)..).....(....)..)..)),GGACAACGAAGGAGAUCAGGCAGAGGAAACCUAAUGACAGGAUACGGACGAAAGGACAGGAGGAAACGACAAAAAGGAAACAAGGACAAGGAGAACGAAGGGACCAAGACGGCAAAAAUUGAACGAUGAUGGAGUAAGGAAACGGACCGGGGAAACAAGAAAAAGGAAACAGCAACAACGUAAACGAAAUCAAACUAAGGCAGCCAAAGGUAGGAACGAGGUAAGGACAAAAGGACAGGACAAAAGGACAAAAAGGAAACAGUUACGAAUCGCCAAGGAAACAACUGAGCACGGAUAAAAUCAAGGAGAACAGAAGGAGGGAACGACAGGAGGAAACGACAAAAAGGAAACAAGGGGA,311.2922921180725,1,"['...(..((......(((..(((.(((...)))..)).)..)))..(..(....)..).(..(....)..).................................(((..(((.(((...)))..)).)..))).((..(....)..))))..)..........................(((((..........(((..(.(.(((...)))..)..)..)))..(..(....)..).(..(....)..).............)))))..((.((..........(((..(.(.(((...)))..)..)..)))..(..(....)..).(..(....)..).............)).))', -18.200000762939453]",False,0.3014740540382464,"[(-18.200000762939453, '...(..((......(((..(((.(((...)))..)).)..)))..(..(....)..).(..(....)..).................................(((..(((.(((...)))..)).)..))).((..(....)..))))..)..........................(((((..........(((..(.(.(((...)))..)..)..)))..(..(....)..).(..(....)..).............)))))..((.((..........(((..(.(.(((...)))..)..)..)))..(..(....)..).(..(....)..).............)).))'), (-18.200000762939453, '...(..((......(((..(((.(((...)))..)).)..)))..(..(....)..).(..(....)..).................................(((..(((.(((...)))..)).)..))).((..(....)..))))..)..........................(((((..........(((..(....((.......))..)..)))..(..(....)..).(..(....)..).............)))))..((.((..........(((..(.(.(((...)))..)..)..)))..(..(....)..).(..(....)..).............)).))')]",2,0
Hoglafractal,..(.((..(((((....(((((......))))))))))((((...((((.....))))))))(((..(((....)))))).(((...((((...((((......))))))))(((..(((.....))))))((.((....)))).((((....(((..(((......))))))((.((.....))))(((....))).(((((.....((.((......))))(((.....)))((....)).((((((......(((......)))((.....))...(((((((...))))))).......))))))......))))).....))))....)))...))..)...(.((.((((....((....))((....))((((((...)))))).)))))).),AUUGGCAUUAAAGCAAAGUUAUAAAAAAAUAACCUUUAGAUUAAACAUUAAAAAAGUGAAUCACCAAGAUAAAUAUCGGUACCCAAAUCAGAUCUCUAAAAAAAUGGACUGACAGAAUCAAAAAAUGGCUGCGUGGAAAACCCGACUCUAAAAAGACUAGGAAAAAACCUUCUGACGUAAAAAACUCACUAAAAAGUAUAUCUAAAAUUGACUAAAAAAAGCAUACAAAAAGUAGGAAAACCAUUUCAUAAAAAUGUUAAAAAAAACGCAAAAAGCAAAAUUAAUAAAAUAUUAAUAAAAAAAAUGAAAAAAAAAAGAUAAAAAAAGAGAAAAGGGAAAGCAAAAAAGGGUCAUGAAAAACCAAAAGGAGGAAACUAUAGUUAAAAACUAUCUCAUACCC,35.88247299194336,1,"['....((..(((((....(((((......))))))))))((((...((((.....))))))))(((..(((....)))))).(((...((((...((((......))))))))(((..(((.....))))))((.((....)))).((((....(((..(((......))))))((.((.....))))(((....))).(((((.....((.((......))))(((.....)))((....)).((((((......(((......)))((.....))...(((((((...))))))).......))))))......))))).....))))....)))...))......((((.((((....((....))((....))((((((...)))))).))))))))', -35.599998474121094]",False,0.2871614837507573,"[(-35.599998474121094, '....((..(((((....(((((......))))))))))((((...((((.....))))))))(((..(((....)))))).(((...((((...((((......))))))))(((..(((.....))))))((.((....)))).((((....(((..(((......))))))((.((.....))))(((....))).(((((.....((.((......))))(((.....)))((....)).((((((......(((......)))((.....))...(((((((...))))))).......))))))......))))).....))))....)))...))......((((.((((....((....))((....))((((((...)))))).))))))))')]",1,0
Bullseye,...(((((((...))))..((((...))))..((((...)))))))........(((((((...))))..((((...))))..((((...)))))))........(((((((...))))..((((...))))..((((...)))))))........(((((((...))))..((((...))))..((((...)))))))...,AAACAGAUCAACAUGAUAAACUCGAAGAGUAAUCCUAAAAGGACUGGAAAAAAUGGCGUCAAAAUGACAAUUCUAACGGAAAAGUGCAAAGCACGCCUAAAAAACGGGGUACAAAGUACAACAUCAAAGAUGAACUCGAAACGAGCCCAAAAAAAGAAGGCGAAAAUCGCAACGUAAAAUACGACCCAUAAAAUGGCUUAAA,9.46631646156311,1,"['....((((((...))))..((((...))))..((((...))))...........(((((((...))))..((((...))))..((((...)))))))........(((((((...))))..((((...))))..((((...)))))))...........((((...))))..((((...))))..((((...))))))....', -31.399999618530273]",False,0.2183646181463525,"[(-31.399999618530273, '....((((((...))))..((((...))))..((((...))))(((........(((((((...))))..((((...))))..((((...))))))).......))).((((...))))..((((...))))..((((...))))..............((((...))))..((((...))))..((((...))))))....'), (-31.399999618530273, '....((((((...))))..((((...))))..((((...))))...........(((((((...))))..((((...))))..((((...)))))))........(((((((...))))..((((...))))..((((...)))))))...........((((...))))..((((...))))..((((...))))))....')]",2,0
Shooting Star,(((((((((((((((((...(.(..((.(((.(((.((....).))).)))).).)..))..))))))).(((((..(.(..((.(((.(((((.(((.((((.((....).)))).))))).))).)))).).)..))..)(....)..))))(((((((((...))))).(((((...)))))(.(....).).)))).)))).((((.((((...(((((((...))))))).(((((...)))))))))(((((((...))))))).(((((...)))))))))((((..(....)(..(..(..(.(.(((.((((.((....).)))).)))).)..)..).)..))))).)))))).,AAGAACGCAGGACUAUGAACCGAGACCAUUGAGCGCGCAAAAGACCGACCAAAGAGGAUGCACAUAGUUAUAGCAGGCCGAGGAUUCCACUCACACAGACAGCUCCAAAAGGGGUUCGUUGGCUGAUGGGAAUACAACGAAUGGAAACAAGCUAACGUGAUAAAAAUUAUCUCUGUUAAAAACAGACCAAAAGGUGACGUACUGCAAAGCACCGCCAAUAAUUAAAAAUUAAUUAAUAUUCAAAGAAUAGCGGAAGUUAUAAAAUAACUUAAUCAAAAAUUGAUGCUUUACUAACGAAGGGGACAAGGGCGGAAUGACCUGAACGAAAGAUCAGUGCAUACACGAACAGGACAGUAAGUUCUUA,779.3230910301208,1,"['(((((((((((((((((.....(..((.(((..((..(....)..))..))).).)..)...))))))).((((....((..((((((..(((..(((.(((((((....)))))).))))..)))..))))).)..))..((....)).))))(((((((((...))))).(((((...)))))(((....))).)))).))))(((((.((((...(((((((...))))))).(((((...)))))))))(((((((...))))))).(((((...))))))))))...........(..(..(..(((.(((..((((.(....).))))..))).).))..).)..).....)))))).', -68.19999694824219]",False,0.2975511550997592,"[(-68.19999694824219, '(((((((((((((((((.....(..((.(((..((..(....)..))..))).).)..)...))))))).((((....((..((((((..(((..(((.(((((((....)))))).))))..)))..))))).)..))..((....)).))))(((((((((...))))).(((((...)))))(((....))).)))).))))(((((.((((...(((((((...))))))).(((((...)))))))))(((((((...))))))).(((((...))))))))))...........(..(..(..(((.(((..((((.(....).))))..))).).))..).)..).....)))))).'), (-68.19999694824219, '(((((((((((((((((.....(..((.(((..((..(....)..))..))).).)..)...))))))).((((....((..((((((..(((..((.((((((((....)))))).))))..)))..))))).)..))..((....)).))))(((((((((...))))).(((((...)))))(((....))).)))).))))(((((.((((...(((((((...))))))).(((((...)))))))))(((((((...))))))).(((((...))))))))))...........(..(..(..(((.(((..((((.(....).))))..))).).))..).)..).....)))))).')]",2,0
Teslagon,......((.......((.((.......((.((...............)).........((...............)).)).......)).((.......((...............)).......)).((.......((.((...............)).........((...............)).)).......)).((.......((...............)).......)).((.......((.((...............)).........((...............)).)).......)).((.......((............((...............)).)).......)).)).......))......,AAAAAAACAAAAAAUGUAGGAAAAAAAGUAGGGAAAAAAAAAAAAAACCAAAAAAAUCUCAAAAAAAAAAAAAAAGAGACGAAAAAACCACCAAAAAAAGCAAAAAAAAAAAAAAAGCAAAAAAGGGAGCAAAAAAGUCAGCGAAAAAAAAAAAAAAGCAAAAAAAAAGGGAAAAAAAAAAAAAACCAGACAAAAAAGCAGCAAAAAAGGGGAAAAAAAAAAAAAACCAAAAAAGGCAGGAAAAAAGGCACCGAAAAAAAAAAAAAAGGAAAAAAAAAGCAAAAAAAAAAAAAAAGCAGCAAAAAAACCAGCGAAAAAAGCAAAAAAAAAAACGCGAAAAAAAAAAAAAGGCCGCCGAAAAAGCGACGAAAAAAGUGAAAAA,41.69753694534302,1,"['...............((.............((...............)).......((((...............))))...........((.......((...............)).......)).((......(((.((...............)).........((...............)).)))......)).((.......((...............)).......)).((.......((.((...............)).........((...............)).)).......)).((.......))............((...............))(((.......)))))...............', -15.0]",False,0.1709744189441866,"[(-15.0, '......((......................((...............)).......((((...............))))...........((.......((...............)).......)).((......(((.((...............)).........((...............)).)))......)).((.......((...............)).......)).((.......((.((...............)).........((...............)).)).......)).((.......))............((...............))(((.......))).........))......'), (-15.0, '...............((.............((...............)).......((((...............))))...........((.......((...............)).......)).((......(((.((...............)).........((...............)).)))......)).((.......((...............)).......)).((.......((.((...............)).........((...............)).)).......)).((.......))............((...............))(((.......)))))...............')]",2,0
